1,Year,State,Smoke everyday,Smoke some days,Former smoker,Never smoked,Location 1
2,1996,Puerto Rico,0.09,0.05,0.16,0.7,"Puerto Rico
"
3,1997,Puerto Rico,0.09,0.05,0.16,0.7,"Puerto Rico
"
4,1998,Puerto Rico,0.1,0.05,0.17,0.68,"Puerto Rico
"
5,1999,Puerto Rico,0.1,0.04,0.15,0.71,"Puerto Rico
"
6,2000,Puerto Rico,0.09,0.04,0.15,0.72,"Puerto Rico
"
7,2001,Puerto Rico,0.08,0.05,0.17,0.71,"Puerto Rico
"
8,2001,Virgin Islands,0.07,0.03,0.13,0.78,"Virgin Islands
"
9,2002,Puerto Rico,0.09,0.04,0.17,0.7,"Puerto Rico
"
10,2002,Virgin Islands,0.07,0.02,0.12,0.79,"Virgin Islands
"
11,2003,Puerto Rico,0.09,0.05,0.18,0.69,"Puerto Rico
"
12,2003,Virgin Islands,0.08,0.02,0.14,0.76,"Virgin Islands
"
13,2004,Puerto Rico,0.08,0.04,0.15,0.72,"Puerto Rico
"
14,2004,Virgin Islands,0.06,0.04,0.1,0.81,"Virgin Islands
"
15,2005,Puerto Rico,0.08,0.05,0.17,0.7,"Puerto Rico
"
16,2005,Virgin Islands,0.05,0.03,0.13,0.79,"Virgin Islands
"
17,2006,Puerto Rico,0.08,0.05,0.17,0.71,"Puerto Rico
"
18,2006,Virgin Islands,0.06,0.03,0.13,0.78,"Virgin Islands
"
19,2007,Puerto Rico,0.08,0.05,0.19,0.69,"Puerto Rico
"
20,2007,Virgin Islands,0.06,0.03,0.12,0.8,"Virgin Islands
"
21,2008,Puerto Rico,0.08,0.04,0.18,0.7,"Puerto Rico
"
22,2008,Virgin Islands,0.04,0.02,0.12,0.82,"Virgin Islands
"
23,2009,Puerto Rico,0.07,0.04,0.18,0.72,"Puerto Rico
"
24,2010,Puerto Rico,0.08,0.04,0.17,0.71,"Puerto Rico
"
25,1999,Louisiana,0.19,0.05,0.21,0.56,"Louisiana
(31.31265999975932, -92.44567999993188)"
26,2010,Nevada,0.17,0.05,0.26,0.53,"Nevada
(39.49323999972637, -117.07183999971608)"
27,1996,Nebraska,0.2,0.03,0.24,0.54,"Nebraska
(41.6410400000961, -99.36572999973953)"
28,2003,Vermont,0.15,0.04,0.3,0.5,"Vermont
(43.625379999687425, -72.51764000028561)"
29,2001,Tennessee,0.2,0.05,0.19,0.57,"Tennessee
(35.68094000038087, -85.77449000011325)"
30,2008,Guam,0.21,0.06,0.19,0.53,
31,2007,Guam,0.23,0.08,0.14,0.55,
32,2003,Guam,0.26,0.08,0.14,0.52,
33,2002,Guam,0.25,0.07,0.16,0.53,
34,2001,Guam,0.27,0.05,0.12,0.57,
35,2003,Delaware,0.17,0.05,0.28,0.5,"Delaware
(39.00883000020451, -75.57774000040052)"
36,1998,Vermont,0.19,0.04,0.29,0.49,"Vermont
(43.625379999687425, -72.51764000028561)"
37,2006,Oklahoma,0.19,0.06,0.24,0.51,"Oklahoma
(35.4720099999617, -97.52034999975251)"
38,2004,Washington,0.14,0.05,0.25,0.56,"Washington
(47.522280000022135, -120.47001000026114)"
39,1998,New York,0.18,0.06,0.24,0.52,"New York
(42.82699999955048, -75.54396999981549)"
40,2005,South Dakota,0.14,0.06,0.25,0.55,"South Dakota
(44.353130000049646, -100.37353000040906)"
41,1999,Illinois,0.2,0.05,0.24,0.52,"Illinois
(40.485010000411364, -88.99770999971656)"
42,1997,Indiana,0.22,0.05,0.24,0.5,"Indiana
(39.76690999989677, -86.14996000035359)"
43,2000,Illinois,0.16,0.06,0.23,0.55,"Illinois
(40.485010000411364, -88.99770999971656)"
44,2006,Connecticut,0.12,0.05,0.28,0.55,"Connecticut
(41.56265999995918, -72.6498400002157)"
45,2005,Montana,0.15,0.05,0.29,0.52,"Montana
(47.06653000015956, -109.42441999998289)"
46,2002,Missouri,0.22,0.05,0.26,0.48,"Missouri
(38.63578999960896, -92.5663000000448)"
47,2002,Nevada,0.21,0.05,0.25,0.49,"Nevada
(39.49323999972637, -117.07183999971608)"
48,2001,Florida,0.18,0.05,0.28,0.5,"Florida
(28.932039999846268, -81.9289599999039)"
49,2004,Missouri,0.19,0.06,0.24,0.52,"Missouri
(38.63578999960896, -92.5663000000448)"
50,2007,North Carolina,0.18,0.05,0.25,0.52,"North Carolina
(35.46624999963797, -79.1593199999179)"
51,2010,Louisiana,0.16,0.06,0.22,0.56,"Louisiana
(31.31265999975932, -92.44567999993188)"
52,1999,Utah,0.1,0.04,0.17,0.69,"Utah
(39.36070000030492, -111.58712999994941)"
53,2001,Hawaii,0.17,0.04,0.24,0.56,"Hawaii
(21.304850000427336, -157.85774999956269)"
54,2008,Montana,0.14,0.05,0.27,0.55,"Montana
(47.06653000015956, -109.42441999998289)"
55,2001,Vermont,0.17,0.06,0.3,0.48,"Vermont
(43.625379999687425, -72.51764000028561)"
56,2000,Georgia,0.18,0.05,0.23,0.54,"Georgia
(32.83967999993223, -83.62758000031658)"
57,2004,Virginia,0.16,0.05,0.23,0.56,"Virginia
(37.54268000028196, -78.45789000012326)"
58,2004,Nebraska,0.15,0.05,0.21,0.59,"Nebraska
(41.6410400000961, -99.36572999973953)"
59,2009,Massachusetts,0.11,0.04,0.29,0.57,"Massachusetts
(42.27687000005062, -72.08269000004333)"
60,2002,Alabama,0.19,0.05,0.23,0.52,"Alabama
(32.840569999605975, -86.63186000013877)"
61,1995,Mississippi,0.21,0.03,0.21,0.56,"Mississippi
(32.7455100000866, -89.53803000008429)"
62,2010,California,0.08,0.05,0.23,0.65,"California
(37.638300000444815, -120.99958999997835)"
63,1996,Iowa,0.2,0.04,0.24,0.53,"Iowa
(42.469390000048634, -93.81649000001335)"
64,2002,Idaho,0.16,0.04,0.24,0.55,"Idaho
(43.682590000228515, -114.36368000023168)"
65,2007,Nevada,0.16,0.05,0.25,0.53,"Nevada
(39.49323999972637, -117.07183999971608)"
66,2010,Kansas,0.12,0.05,0.24,0.59,"Kansas
(38.34774000000118, -98.20077999969709)"
67,2008,Nebraska,0.13,0.05,0.25,0.57,"Nebraska
(41.6410400000961, -99.36572999973953)"
68,1998,Missouri,0.22,0.04,0.24,0.5,"Missouri
(38.63578999960896, -92.5663000000448)"
69,2001,Rhode Island,0.18,0.06,0.29,0.47,"Rhode Island
(41.70828000002217, -71.5224700001902)"
70,1995,New Hampshire,0.19,0.02,0.33,0.46,"New Hampshire
(43.65595000019255, -71.50036000041354)"
71,2002,New Mexico,0.15,0.06,0.26,0.53,"New Mexico
(34.52088000011207, -106.24057999976702)"
72,2000,North Carolina,0.21,0.05,0.24,0.5,"North Carolina
(35.46624999963797, -79.1593199999179)"
73,2002,Connecticut,0.14,0.05,0.3,0.5,"Connecticut
(41.56265999995918, -72.6498400002157)"
74,1998,New Mexico,0.16,0.06,0.24,0.53,"New Mexico
(34.52088000011207, -106.24057999976702)"
75,2009,Maryland,0.1,0.05,0.23,0.62,"Maryland
(39.29057999976732, -76.6092600004485)"
76,2005,Mississippi,0.19,0.05,0.21,0.56,"Mississippi
(32.7455100000866, -89.53803000008429)"
77,2005,Minnesota,0.15,0.05,0.29,0.51,"Minnesota
(46.3556499998478, -94.79419999982997)"
78,1998,Alabama,0.19,0.05,0.22,0.54,"Alabama
(32.840569999605975, -86.63186000013877)"
79,1996,Virginia,0.2,0.05,0.23,0.52,"Virginia
(37.54268000028196, -78.45789000012326)"
80,2001,Montana,0.17,0.05,0.27,0.51,"Montana
(47.06653000015956, -109.42441999998289)"
81,1996,North Carolina,0.22,0.04,0.23,0.51,"North Carolina
(35.46624999963797, -79.1593199999179)"
82,1995,Iowa,0.2,0.03,0.24,0.53,"Iowa
(42.469390000048634, -93.81649000001335)"
83,2006,Ohio,0.17,0.06,0.24,0.53,"Ohio
(40.06020999969189, -82.40426000019869)"
84,2006,Montana,0.13,0.06,0.27,0.54,"Montana
(47.06653000015956, -109.42441999998289)"
85,1999,Idaho,0.16,0.06,0.24,0.54,"Idaho
(43.682590000228515, -114.36368000023168)"
86,2008,Vermont,0.12,0.05,0.32,0.51,"Vermont
(43.625379999687425, -72.51764000028561)"
87,1996,New Jersey,0.18,0.05,0.25,0.53,"New Jersey
(40.13056999960594, -74.2736899996936)"
88,1997,Texas,0.16,0.06,0.2,0.57,"Texas
(31.82724000022597, -99.42676999973554)"
89,1998,Arkansas,0.22,0.04,0.24,0.5,"Arkansas
(34.748649999697875, -92.27448999971358)"
90,2002,Washington,0.16,0.05,0.29,0.5,"Washington
(47.522280000022135, -120.47001000026114)"
91,2002,Alaska,0.22,0.07,0.26,0.45,"Alaska
(64.84507999974238, -147.72205999986895)"
92,2009,Mississippi,0.17,0.06,0.22,0.55,"Mississippi
(32.7455100000866, -89.53803000008429)"
93,2000,California,0.12,0.05,0.26,0.57,"California
(37.638300000444815, -120.99958999997835)"
94,2004,Michigan,0.17,0.06,0.25,0.52,"Michigan
(44.661320000317914, -84.71438999959867)"
95,2010,Massachusetts,0.1,0.04,0.29,0.57,"Massachusetts
(42.27687000005062, -72.08269000004333)"
96,2001,Colorado,0.15,0.07,0.26,0.52,"Colorado
(38.842890000173554, -106.13314000041055)"
97,2007,North Dakota,0.15,0.06,0.25,0.54,"North Dakota
(47.475320000018144, -100.11841999998285)"
98,2008,Missouri,0.2,0.05,0.25,0.5,"Missouri
(38.63578999960896, -92.5663000000448)"
99,2000,Kansas,0.17,0.04,0.24,0.55,"Kansas
(38.34774000000118, -98.20077999969709)"
100,2000,Tennessee,0.22,0.04,0.22,0.52,"Tennessee
(35.68094000038087, -85.77449000011325)"
101,2001,Arkansas,0.2,0.05,0.24,0.51,"Arkansas
(34.748649999697875, -92.27448999971358)"
102,2005,New Mexico,0.15,0.07,0.24,0.54,"New Mexico
(34.52088000011207, -106.24057999976702)"
103,2009,Georgia,0.13,0.05,0.22,0.6,"Georgia
(32.83967999993223, -83.62758000031658)"
104,2002,Arizona,0.18,0.06,0.24,0.52,"Arizona
(34.86596999961597, -111.76380999973156)"
105,1995,Kansas,0.19,0.03,0.24,0.54,"Kansas
(38.34774000000118, -98.20077999969709)"
106,2001,Washington,0.16,0.06,0.28,0.5,"Washington
(47.522280000022135, -120.47001000026114)"
107,2001,Illinois,0.17,0.06,0.24,0.53,"Illinois
(40.485010000411364, -88.99770999971656)"
108,2001,Missouri,0.2,0.06,0.25,0.5,"Missouri
(38.63578999960896, -92.5663000000448)"
109,2009,Oklahoma,0.19,0.07,0.25,0.5,"Oklahoma
(35.4720099999617, -97.52034999975251)"
110,2010,Arkansas,0.17,0.06,0.24,0.53,"Arkansas
(34.748649999697875, -92.27448999971358)"
111,1997,Pennsylvania,0.2,0.04,0.23,0.53,"Pennsylvania
(40.79372999993973, -77.86069999960512)"
112,2004,Arizona,0.14,0.05,0.25,0.57,"Arizona
(34.86596999961597, -111.76380999973156)"
113,2003,Ohio,0.2,0.06,0.24,0.51,"Ohio
(40.06020999969189, -82.40426000019869)"
114,1999,Massachusetts,0.15,0.04,0.26,0.55,"Massachusetts
(42.27687000005062, -72.08269000004333)"
115,2007,Iowa,0.15,0.05,0.24,0.57,"Iowa
(42.469390000048634, -93.81649000001335)"
116,2001,Wyoming,0.17,0.05,0.26,0.52,"Wyoming
(43.23553999957147, -108.10982999975454)"
117,2004,Alaska,0.16,0.09,0.24,0.51,"Alaska
(64.84507999974238, -147.72205999986895)"
118,2001,New York,0.17,0.07,0.24,0.53,"New York
(42.82699999955048, -75.54396999981549)"
119,2009,New Mexico,0.11,0.07,0.26,0.56,"New Mexico
(34.52088000011207, -106.24057999976702)"
120,1995,Rhode Island,0.21,0.04,0.29,0.46,"Rhode Island
(41.70828000002217, -71.5224700001902)"
121,2007,Georgia,0.15,0.05,0.23,0.58,"Georgia
(32.83967999993223, -83.62758000031658)"
122,2003,Virginia,0.17,0.05,0.24,0.54,"Virginia
(37.54268000028196, -78.45789000012326)"
123,2007,West Virginia,0.22,0.05,0.25,0.49,"West Virginia
(38.66550999958696, -80.71263999973604)"
124,2005,Michigan,0.17,0.05,0.26,0.52,"Michigan
(44.661320000317914, -84.71438999959867)"
125,1999,Texas,0.15,0.08,0.23,0.54,"Texas
(31.82724000022597, -99.42676999973554)"
126,1997,Alaska,0.22,0.04,0.25,0.49,"Alaska
(64.84507999974238, -147.72205999986895)"
127,2009,Louisiana,0.16,0.06,0.23,0.55,"Louisiana
(31.31265999975932, -92.44567999993188)"
128,2007,New York,0.13,0.06,0.26,0.56,"New York
(42.82699999955048, -75.54396999981549)"
129,2005,Indiana,0.21,0.06,0.23,0.5,"Indiana
(39.76690999989677, -86.14996000035359)"
130,2010,New Jersey,0.1,0.04,0.26,0.59,"New Jersey
(40.13056999960594, -74.2736899996936)"
131,1995,Delaware,0.23,0.02,0.26,0.49,"Delaware
(39.00883000020451, -75.57774000040052)"
132,2000,Michigan,0.19,0.05,0.25,0.5,"Michigan
(44.661320000317914, -84.71438999959867)"
133,1996,Minnesota,0.16,0.05,0.23,0.56,"Minnesota
(46.3556499998478, -94.79419999982997)"
134,2004,Iowa,0.16,0.05,0.21,0.58,"Iowa
(42.469390000048634, -93.81649000001335)"
135,2000,Kentucky,0.27,0.04,0.23,0.47,"Kentucky
(37.645969999815804, -84.77496999996538)"
136,1996,Oregon,0.19,0.04,0.28,0.49,"Oregon
(44.567449999917756, -120.15502999983448)"
137,1995,Alaska,0.22,0.03,0.27,0.48,"Alaska
(64.84507999974238, -147.72205999986895)"
138,2007,Pennsylvania,0.15,0.06,0.24,0.55,"Pennsylvania
(40.79372999993973, -77.86069999960512)"
139,2005,South Carolina,0.17,0.06,0.24,0.53,"South Carolina
(33.99855000018255, -81.0452500001872)"
140,1999,Vermont,0.17,0.05,0.27,0.52,"Vermont
(43.625379999687425, -72.51764000028561)"
141,1999,New Mexico,0.16,0.06,0.25,0.53,"New Mexico
(34.52088000011207, -106.24057999976702)"
142,2004,Indiana,0.2,0.05,0.23,0.53,"Indiana
(39.76690999989677, -86.14996000035359)"
143,2009,Nebraska,0.13,0.04,0.25,0.59,"Nebraska
(41.6410400000961, -99.36572999973953)"
144,2005,Georgia,0.16,0.06,0.22,0.56,"Georgia
(32.83967999993223, -83.62758000031658)"
145,2000,Louisiana,0.19,0.06,0.2,0.57,"Louisiana
(31.31265999975932, -92.44567999993188)"
146,1995,Wisconsin,0.18,0.04,0.28,0.51,"Wisconsin
(44.39319000021851, -89.81636999977553)"
147,2007,Hawaii,0.13,0.04,0.26,0.57,"Hawaii
(21.304850000427336, -157.85774999956269)"
148,2010,New York,0.11,0.05,0.27,0.58,"New York
(42.82699999955048, -75.54396999981549)"
149,1997,New Mexico,0.16,0.07,0.25,0.53,"New Mexico
(34.52088000011207, -106.24057999976702)"
150,2004,Florida,0.15,0.06,0.26,0.54,"Florida
(28.932039999846268, -81.9289599999039)"
151,1996,Maryland,0.18,0.03,0.23,0.56,"Maryland
(39.29057999976732, -76.6092600004485)"
152,2007,Missouri,0.2,0.05,0.23,0.52,"Missouri
(38.63578999960896, -92.5663000000448)"
153,2010,Arizona,0.11,0.04,0.28,0.57,"Arizona
(34.86596999961597, -111.76380999973156)"
154,1998,Pennsylvania,0.19,0.04,0.23,0.53,"Pennsylvania
(40.79372999993973, -77.86069999960512)"
155,1998,Texas,0.16,0.06,0.23,0.56,"Texas
(31.82724000022597, -99.42676999973554)"
156,1999,Wisconsin,0.18,0.06,0.29,0.48,"Wisconsin
(44.39319000021851, -89.81636999977553)"
157,1999,Montana,0.16,0.04,0.28,0.52,"Montana
(47.06653000015956, -109.42441999998289)"
158,2006,Minnesota,0.14,0.05,0.28,0.54,"Minnesota
(46.3556499998478, -94.79419999982997)"
159,1995,Missouri,0.22,0.02,0.27,0.49,"Missouri
(38.63578999960896, -92.5663000000448)"
160,2009,Tennessee,0.18,0.04,0.25,0.53,"Tennessee
(35.68094000038087, -85.77449000011325)"
161,1998,Maryland,0.17,0.06,0.24,0.53,"Maryland
(39.29057999976732, -76.6092600004485)"
162,2001,Utah,0.09,0.04,0.17,0.7,"Utah
(39.36070000030492, -111.58712999994941)"
163,2002,South Carolina,0.21,0.06,0.23,0.51,"South Carolina
(33.99855000018255, -81.0452500001872)"
164,2005,Maine,0.16,0.05,0.3,0.49,"Maine
(45.25423000041434, -68.9850299999344)"
165,1997,Georgia,0.18,0.05,0.15,0.62,"Georgia
(32.83967999993223, -83.62758000031658)"
166,2005,New York,0.15,0.06,0.26,0.54,"New York
(42.82699999955048, -75.54396999981549)"
167,2004,Massachusetts,0.14,0.05,0.27,0.55,"Massachusetts
(42.27687000005062, -72.08269000004333)"
168,2010,Vermont,0.11,0.04,0.31,0.54,"Vermont
(43.625379999687425, -72.51764000028561)"
169,2008,North Carolina,0.16,0.05,0.25,0.54,"North Carolina
(35.46624999963797, -79.1593199999179)"
170,2008,Alabama,0.17,0.05,0.22,0.56,"Alabama
(32.840569999605975, -86.63186000013877)"
171,2006,North Dakota,0.16,0.04,0.24,0.56,"North Dakota
(47.475320000018144, -100.11841999998285)"
172,2008,Mississippi,0.17,0.06,0.22,0.55,"Mississippi
(32.7455100000866, -89.53803000008429)"
173,2008,Utah,0.07,0.03,0.16,0.75,"Utah
(39.36070000030492, -111.58712999994941)"
174,2009,New Jersey,0.1,0.06,0.25,0.59,"New Jersey
(40.13056999960594, -74.2736899996936)"
175,2006,Hawaii,0.13,0.05,0.25,0.57,"Hawaii
(21.304850000427336, -157.85774999956269)"
176,2009,Kansas,0.13,0.05,0.23,0.59,"Kansas
(38.34774000000118, -98.20077999969709)"
177,2007,Colorado,0.13,0.05,0.25,0.57,"Colorado
(38.842890000173554, -106.13314000041055)"
178,1998,Georgia,0.2,0.04,0.22,0.55,"Georgia
(32.83967999993223, -83.62758000031658)"
179,2009,Michigan,0.14,0.06,0.26,0.55,"Michigan
(44.661320000317914, -84.71438999959867)"
180,2004,Delaware,0.19,0.06,0.25,0.51,"Delaware
(39.00883000020451, -75.57774000040052)"
181,1999,Nebraska,0.18,0.05,0.22,0.55,"Nebraska
(41.6410400000961, -99.36572999973953)"
182,2008,Oklahoma,0.19,0.06,0.25,0.51,"Oklahoma
(35.4720099999617, -97.52034999975251)"
183,2005,Delaware,0.16,0.05,0.27,0.52,"Delaware
(39.00883000020451, -75.57774000040052)"
184,2008,South Dakota,0.12,0.06,0.26,0.56,"South Dakota
(44.353130000049646, -100.37353000040906)"
185,1995,South Carolina,0.21,0.03,0.2,0.56,"South Carolina
(33.99855000018255, -81.0452500001872)"
186,1998,Massachusetts,0.17,0.04,0.28,0.51,"Massachusetts
(42.27687000005062, -72.08269000004333)"
187,1998,Michigan,0.23,0.05,0.25,0.47,"Michigan
(44.661320000317914, -84.71438999959867)"
188,2010,Alabama,0.16,0.06,0.24,0.54,"Alabama
(32.840569999605975, -86.63186000013877)"
189,2003,Missouri,0.23,0.04,0.24,0.49,"Missouri
(38.63578999960896, -92.5663000000448)"
190,2002,Tennessee,0.23,0.05,0.19,0.54,"Tennessee
(35.68094000038087, -85.77449000011325)"
191,2007,Indiana,0.18,0.06,0.23,0.53,"Indiana
(39.76690999989677, -86.14996000035359)"
192,2007,Tennessee,0.2,0.04,0.24,0.52,"Tennessee
(35.68094000038087, -85.77449000011325)"
193,2007,Louisiana,0.17,0.06,0.2,0.57,"Louisiana
(31.31265999975932, -92.44567999993188)"
194,2007,New Jersey,0.12,0.05,0.25,0.58,"New Jersey
(40.13056999960594, -74.2736899996936)"
195,1997,New Hampshire,0.2,0.05,0.31,0.44,"New Hampshire
(43.65595000019255, -71.50036000041354)"
196,2002,Vermont,0.17,0.04,0.32,0.47,"Vermont
(43.625379999687425, -72.51764000028561)"
197,2009,Rhode Island,0.1,0.05,0.3,0.55,"Rhode Island
(41.70828000002217, -71.5224700001902)"
198,1996,Florida,0.18,0.04,0.31,0.48,"Florida
(28.932039999846268, -81.9289599999039)"
199,1997,Louisiana,0.19,0.05,0.22,0.54,"Louisiana
(31.31265999975932, -92.44567999993188)"
200,2009,Iowa,0.13,0.04,0.24,0.59,"Iowa
(42.469390000048634, -93.81649000001335)"
201,2004,Montana,0.16,0.05,0.25,0.55,"Montana
(47.06653000015956, -109.42441999998289)"
202,1995,Connecticut,0.19,0.02,0.29,0.51,"Connecticut
(41.56265999995918, -72.6498400002157)"
203,2001,New Mexico,0.16,0.08,0.25,0.51,"New Mexico
(34.52088000011207, -106.24057999976702)"
204,2003,West Virginia,0.23,0.05,0.26,0.47,"West Virginia
(38.66550999958696, -80.71263999973604)"
205,2010,Idaho,0.11,0.04,0.23,0.62,"Idaho
(43.682590000228515, -114.36368000023168)"
206,2009,Texas,0.12,0.06,0.22,0.61,"Texas
(31.82724000022597, -99.42676999973554)"
207,2008,Arizona,0.11,0.05,0.27,0.57,"Arizona
(34.86596999961597, -111.76380999973156)"
208,2000,Delaware,0.19,0.04,0.24,0.53,"Delaware
(39.00883000020451, -75.57774000040052)"
209,2009,Washington,0.11,0.04,0.27,0.58,"Washington
(47.522280000022135, -120.47001000026114)"
210,2007,Maine,0.16,0.04,0.31,0.49,"Maine
(45.25423000041434, -68.9850299999344)"
211,2008,Connecticut,0.12,0.04,0.3,0.54,"Connecticut
(41.56265999995918, -72.6498400002157)"
212,2005,Vermont,0.14,0.05,0.31,0.5,"Vermont
(43.625379999687425, -72.51764000028561)"
213,2006,New Hampshire,0.14,0.04,0.3,0.52,"New Hampshire
(43.65595000019255, -71.50036000041354)"
214,2002,Arkansas,0.22,0.05,0.25,0.49,"Arkansas
(34.748649999697875, -92.27448999971358)"
215,2005,Tennessee,0.2,0.06,0.22,0.51,"Tennessee
(35.68094000038087, -85.77449000011325)"
216,2005,West Virginia,0.21,0.05,0.24,0.49,"West Virginia
(38.66550999958696, -80.71263999973604)"
217,2004,Tennessee,0.22,0.05,0.22,0.52,"Tennessee
(35.68094000038087, -85.77449000011325)"
218,2000,Texas,0.15,0.07,0.22,0.56,"Texas
(31.82724000022597, -99.42676999973554)"
219,2008,Tennessee,0.18,0.05,0.22,0.55,"Tennessee
(35.68094000038087, -85.77449000011325)"
220,2006,South Carolina,0.17,0.06,0.25,0.53,"South Carolina
(33.99855000018255, -81.0452500001872)"
221,2000,Iowa,0.18,0.05,0.23,0.54,"Iowa
(42.469390000048634, -93.81649000001335)"
222,2006,Pennsylvania,0.17,0.05,0.26,0.53,"Pennsylvania
(40.79372999993973, -77.86069999960512)"
223,2005,Missouri,0.19,0.05,0.24,0.52,"Missouri
(38.63578999960896, -92.5663000000448)"
224,2009,Utah,0.07,0.03,0.15,0.75,"Utah
(39.36070000030492, -111.58712999994941)"
225,1999,Colorado,0.18,0.05,0.26,0.52,"Colorado
(38.842890000173554, -106.13314000041055)"
226,1999,New York,0.17,0.05,0.23,0.55,"New York
(42.82699999955048, -75.54396999981549)"
227,1997,Rhode Island,0.2,0.05,0.27,0.49,"Rhode Island
(41.70828000002217, -71.5224700001902)"
228,2004,Kentucky,0.23,0.05,0.2,0.52,"Kentucky
(37.645969999815804, -84.77496999996538)"
229,2000,Pennsylvania,0.19,0.05,0.25,0.51,"Pennsylvania
(40.79372999993973, -77.86069999960512)"
230,2006,Alaska,0.16,0.08,0.28,0.49,"Alaska
(64.84507999974238, -147.72205999986895)"
231,2010,Wisconsin,0.14,0.06,0.26,0.55,"Wisconsin
(44.39319000021851, -89.81636999977553)"
232,1995,Ohio,0.24,0.02,0.24,0.5,"Ohio
(40.06020999969189, -82.40426000019869)"
233,2006,Texas,0.13,0.05,0.22,0.6,"Texas
(31.82724000022597, -99.42676999973554)"
234,2005,Rhode Island,0.15,0.04,0.29,0.51,"Rhode Island
(41.70828000002217, -71.5224700001902)"
235,1997,New York,0.19,0.04,0.24,0.53,"New York
(42.82699999955048, -75.54396999981549)"
236,2000,Maine,0.21,0.03,0.3,0.46,"Maine
(45.25423000041434, -68.9850299999344)"
237,2004,Maryland,0.15,0.05,0.23,0.58,"Maryland
(39.29057999976732, -76.6092600004485)"
238,2003,California,0.11,0.06,0.25,0.58,"California
(37.638300000444815, -120.99958999997835)"
239,2000,South Carolina,0.19,0.06,0.22,0.53,"South Carolina
(33.99855000018255, -81.0452500001872)"
240,1997,Colorado,0.17,0.06,0.26,0.52,"Colorado
(38.842890000173554, -106.13314000041055)"
241,2010,Virginia,0.15,0.04,0.24,0.57,"Virginia
(37.54268000028196, -78.45789000012326)"
242,2005,Connecticut,0.12,0.04,0.29,0.54,"Connecticut
(41.56265999995918, -72.6498400002157)"
243,2004,District of Columbia,0.13,0.08,0.19,0.6,"District of Columbia
(38.89036999987576, -77.03195999965413)"
244,1996,Connecticut,0.17,0.04,0.28,0.5,"Connecticut
(41.56265999995918, -72.6498400002157)"
245,1996,Alaska,0.22,0.06,0.26,0.46,"Alaska
(64.84507999974238, -147.72205999986895)"
246,2010,Michigan,0.14,0.05,0.25,0.56,"Michigan
(44.661320000317914, -84.71438999959867)"
247,1999,Maryland,0.16,0.05,0.24,0.56,"Maryland
(39.29057999976732, -76.6092600004485)"
248,1995,Nevada,0.23,0.03,0.27,0.47,"Nevada
(39.49323999972637, -117.07183999971608)"
249,2003,Utah,0.09,0.03,0.17,0.72,"Utah
(39.36070000030492, -111.58712999994941)"
250,2005,Nevada,0.17,0.07,0.24,0.53,"Nevada
(39.49323999972637, -117.07183999971608)"
251,2006,Virginia,0.15,0.05,0.25,0.56,"Virginia
(37.54268000028196, -78.45789000012326)"
252,2005,North Carolina,0.17,0.06,0.24,0.54,"North Carolina
(35.46624999963797, -79.1593199999179)"
253,2008,Texas,0.12,0.07,0.22,0.6,"Texas
(31.82724000022597, -99.42676999973554)"
254,2003,Indiana,0.21,0.05,0.24,0.5,"Indiana
(39.76690999989677, -86.14996000035359)"
255,1997,Wyoming,0.2,0.05,0.25,0.51,"Wyoming
(43.23553999957147, -108.10982999975454)"
256,2001,Maryland,0.15,0.06,0.25,0.54,"Maryland
(39.29057999976732, -76.6092600004485)"
257,1998,Florida,0.18,0.04,0.26,0.52,"Florida
(28.932039999846268, -81.9289599999039)"
258,2008,Alaska,0.15,0.06,0.28,0.5,"Alaska
(64.84507999974238, -147.72205999986895)"
259,1996,Alabama,0.18,0.05,0.22,0.56,"Alabama
(32.840569999605975, -86.63186000013877)"
260,2001,North Carolina,0.21,0.05,0.24,0.5,"North Carolina
(35.46624999963797, -79.1593199999179)"
261,1997,Washington,0.19,0.05,0.27,0.49,"Washington
(47.522280000022135, -120.47001000026114)"
262,2001,Delaware,0.19,0.06,0.25,0.5,"Delaware
(39.00883000020451, -75.57774000040052)"
263,2006,Arkansas,0.19,0.05,0.25,0.51,"Arkansas
(34.748649999697875, -92.27448999971358)"
264,1996,Louisiana,0.22,0.04,0.22,0.53,"Louisiana
(31.31265999975932, -92.44567999993188)"
265,2008,Indiana,0.2,0.06,0.23,0.51,"Indiana
(39.76690999989677, -86.14996000035359)"
266,1997,Maryland,0.18,0.03,0.23,0.57,"Maryland
(39.29057999976732, -76.6092600004485)"
267,2007,Arkansas,0.17,0.05,0.24,0.54,"Arkansas
(34.748649999697875, -92.27448999971358)"
268,2008,Arkansas,0.17,0.05,0.26,0.51,"Arkansas
(34.748649999697875, -92.27448999971358)"
269,2009,Virginia,0.14,0.05,0.24,0.57,"Virginia
(37.54268000028196, -78.45789000012326)"
270,2004,South Carolina,0.18,0.06,0.22,0.54,"South Carolina
(33.99855000018255, -81.0452500001872)"
271,2001,Nebraska,0.16,0.04,0.22,0.57,"Nebraska
(41.6410400000961, -99.36572999973953)"
272,2003,Montana,0.15,0.05,0.28,0.52,"Montana
(47.06653000015956, -109.42441999998289)"
273,1996,Maine,0.23,0.03,0.28,0.47,"Maine
(45.25423000041434, -68.9850299999344)"
274,1996,Tennessee,0.25,0.03,0.2,0.52,"Tennessee
(35.68094000038087, -85.77449000011325)"
275,1997,New Jersey,0.17,0.05,0.26,0.52,"New Jersey
(40.13056999960594, -74.2736899996936)"
276,1999,Iowa,0.19,0.05,0.25,0.52,"Iowa
(42.469390000048634, -93.81649000001335)"
277,1997,Arkansas,0.25,0.04,0.2,0.51,"Arkansas
(34.748649999697875, -92.27448999971358)"
278,1998,Rhode Island,0.18,0.04,0.29,0.48,"Rhode Island
(41.70828000002217, -71.5224700001902)"
279,2008,Maryland,0.11,0.04,0.24,0.61,"Maryland
(39.29057999976732, -76.6092600004485)"
280,2010,Ohio,0.17,0.05,0.25,0.53,"Ohio
(40.06020999969189, -82.40426000019869)"
281,2007,Rhode Island,0.12,0.05,0.28,0.55,"Rhode Island
(41.70828000002217, -71.5224700001902)"
282,1995,Indiana,0.24,0.03,0.23,0.5,"Indiana
(39.76690999989677, -86.14996000035359)"
283,2007,Oklahoma,0.2,0.06,0.23,0.51,"Oklahoma
(35.4720099999617, -97.52034999975251)"
284,1999,Rhode Island,0.18,0.04,0.26,0.52,"Rhode Island
(41.70828000002217, -71.5224700001902)"
285,2009,Hawaii,0.1,0.05,0.27,0.58,"Hawaii
(21.304850000427336, -157.85774999956269)"
286,2005,Washington,0.13,0.05,0.27,0.55,"Washington
(47.522280000022135, -120.47001000026114)"
287,2003,Maryland,0.15,0.05,0.24,0.56,"Maryland
(39.29057999976732, -76.6092600004485)"
288,2000,Nevada,0.22,0.07,0.27,0.44,"Nevada
(39.49323999972637, -117.07183999971608)"
289,2001,New Jersey,0.15,0.06,0.26,0.53,"New Jersey
(40.13056999960594, -74.2736899996936)"
290,1995,North Dakota,0.2,0.03,0.24,0.53,"North Dakota
(47.475320000018144, -100.11841999998285)"
291,2006,Michigan,0.17,0.06,0.25,0.52,"Michigan
(44.661320000317914, -84.71438999959867)"
292,2006,Wyoming,0.16,0.05,0.25,0.54,"Wyoming
(43.23553999957147, -108.10982999975454)"
293,2001,Alabama,0.17,0.07,0.23,0.53,"Alabama
(32.840569999605975, -86.63186000013877)"
294,2003,Pennsylvania,0.2,0.05,0.25,0.49,"Pennsylvania
(40.79372999993973, -77.86069999960512)"
295,2004,Vermont,0.15,0.05,0.31,0.49,"Vermont
(43.625379999687425, -72.51764000028561)"
296,2004,Rhode Island,0.16,0.06,0.29,0.5,"Rhode Island
(41.70828000002217, -71.5224700001902)"
297,1995,Georgia,0.18,0.02,0.18,0.62,"Georgia
(32.83967999993223, -83.62758000031658)"
298,2005,Illinois,0.14,0.06,0.24,0.56,"Illinois
(40.485010000411364, -88.99770999971656)"
299,1995,Montana,0.19,0.02,0.29,0.5,"Montana
(47.06653000015956, -109.42441999998289)"
300,2004,Wisconsin,0.17,0.05,0.24,0.54,"Wisconsin
(44.39319000021851, -89.81636999977553)"
301,2007,Maryland,0.12,0.06,0.24,0.59,"Maryland
(39.29057999976732, -76.6092600004485)"
302,2007,Alabama,0.17,0.06,0.23,0.54,"Alabama
(32.840569999605975, -86.63186000013877)"
303,2006,Massachusetts,0.13,0.05,0.28,0.55,"Massachusetts
(42.27687000005062, -72.08269000004333)"
304,2001,Oregon,0.15,0.06,0.29,0.51,"Oregon
(44.567449999917756, -120.15502999983448)"
305,2010,Illinois,0.12,0.05,0.24,0.6,"Illinois
(40.485010000411364, -88.99770999971656)"
306,2003,Oklahoma,0.2,0.05,0.22,0.53,"Oklahoma
(35.4720099999617, -97.52034999975251)"
307,2000,New Hampshire,0.2,0.06,0.3,0.45,"New Hampshire
(43.65595000019255, -71.50036000041354)"
308,2009,Maine,0.13,0.05,0.31,0.52,"Maine
(45.25423000041434, -68.9850299999344)"
309,2010,Connecticut,0.09,0.04,0.29,0.58,"Connecticut
(41.56265999995918, -72.6498400002157)"
310,2003,Texas,0.16,0.07,0.22,0.56,"Texas
(31.82724000022597, -99.42676999973554)"
311,2004,Illinois,0.15,0.07,0.22,0.56,"Illinois
(40.485010000411364, -88.99770999971656)"
312,2007,Illinois,0.14,0.06,0.24,0.56,"Illinois
(40.485010000411364, -88.99770999971656)"
313,1997,Missouri,0.25,0.04,0.22,0.5,"Missouri
(38.63578999960896, -92.5663000000448)"
314,1995,Louisiana,0.21,0.04,0.22,0.53,"Louisiana
(31.31265999975932, -92.44567999993188)"
315,2002,Ohio,0.21,0.05,0.25,0.49,"Ohio
(40.06020999969189, -82.40426000019869)"
316,2006,Mississippi,0.18,0.07,0.21,0.54,"Mississippi
(32.7455100000866, -89.53803000008429)"
317,2001,California,0.12,0.05,0.26,0.57,"California
(37.638300000444815, -120.99958999997835)"
318,2006,West Virginia,0.21,0.05,0.25,0.5,"West Virginia
(38.66550999958696, -80.71263999973604)"
319,2005,Pennsylvania,0.18,0.06,0.25,0.51,"Pennsylvania
(40.79372999993973, -77.86069999960512)"
320,2002,Illinois,0.18,0.05,0.23,0.54,"Illinois
(40.485010000411364, -88.99770999971656)"
321,1998,Illinois,0.17,0.06,0.25,0.52,"Illinois
(40.485010000411364, -88.99770999971656)"
322,2008,Minnesota,0.12,0.06,0.27,0.55,"Minnesota
(46.3556499998478, -94.79419999982997)"
323,2008,California,0.09,0.05,0.23,0.63,"California
(37.638300000444815, -120.99958999997835)"
324,2009,South Dakota,0.13,0.05,0.27,0.55,"South Dakota
(44.353130000049646, -100.37353000040906)"
325,2001,North Dakota,0.16,0.07,0.25,0.53,"North Dakota
(47.475320000018144, -100.11841999998285)"
326,2007,Alaska,0.16,0.07,0.27,0.51,"Alaska
(64.84507999974238, -147.72205999986895)"
327,1996,Ohio,0.26,0.03,0.21,0.5,"Ohio
(40.06020999969189, -82.40426000019869)"
328,2010,Maine,0.14,0.04,0.3,0.52,"Maine
(45.25423000041434, -68.9850299999344)"
329,2007,South Carolina,0.16,0.06,0.25,0.53,"South Carolina
(33.99855000018255, -81.0452500001872)"
330,1998,New Jersey,0.15,0.04,0.26,0.55,"New Jersey
(40.13056999960594, -74.2736899996936)"
331,1995,Oklahoma,0.2,0.01,0.17,0.61,"Oklahoma
(35.4720099999617, -97.52034999975251)"
332,2000,New Jersey,0.15,0.06,0.22,0.57,"New Jersey
(40.13056999960594, -74.2736899996936)"
333,1996,Washington,0.19,0.04,0.27,0.5,"Washington
(47.522280000022135, -120.47001000026114)"
334,2007,Montana,0.15,0.05,0.27,0.54,"Montana
(47.06653000015956, -109.42441999998289)"
335,2003,Alabama,0.2,0.06,0.24,0.51,"Alabama
(32.840569999605975, -86.63186000013877)"
336,2005,Alabama,0.19,0.06,0.21,0.54,"Alabama
(32.840569999605975, -86.63186000013877)"
337,1999,California,0.13,0.06,0.26,0.55,"California
(37.638300000444815, -120.99958999997835)"
338,2007,Washington,0.12,0.05,0.26,0.57,"Washington
(47.522280000022135, -120.47001000026114)"
339,2001,Indiana,0.22,0.06,0.23,0.5,"Indiana
(39.76690999989677, -86.14996000035359)"
340,1998,Wyoming,0.19,0.04,0.25,0.52,"Wyoming
(43.23553999957147, -108.10982999975454)"
341,2009,California,0.08,0.05,0.23,0.64,"California
(37.638300000444815, -120.99958999997835)"
342,1996,Wyoming,0.2,0.05,0.25,0.5,"Wyoming
(43.23553999957147, -108.10982999975454)"
343,1999,Ohio,0.24,0.04,0.24,0.48,"Ohio
(40.06020999969189, -82.40426000019869)"
344,2009,New York,0.12,0.06,0.26,0.56,"New York
(42.82699999955048, -75.54396999981549)"
345,2008,Wisconsin,0.14,0.06,0.27,0.54,"Wisconsin
(44.39319000021851, -89.81636999977553)"
346,1995,Kentucky,0.25,0.03,0.22,0.5,"Kentucky
(37.645969999815804, -84.77496999996538)"
347,1998,Hawaii,0.16,0.04,0.26,0.54,"Hawaii
(21.304850000427336, -157.85774999956269)"
348,2003,Wyoming,0.2,0.05,0.26,0.49,"Wyoming
(43.23553999957147, -108.10982999975454)"
349,2008,Ohio,0.16,0.05,0.25,0.54,"Ohio
(40.06020999969189, -82.40426000019869)"
350,2002,Michigan,0.19,0.05,0.27,0.49,"Michigan
(44.661320000317914, -84.71438999959867)"
351,2005,District of Columbia,0.12,0.09,0.22,0.59,"District of Columbia
(38.89036999987576, -77.03195999965413)"
352,2003,Nebraska,0.16,0.05,0.24,0.55,"Nebraska
(41.6410400000961, -99.36572999973953)"
353,2008,North Dakota,0.13,0.05,0.25,0.57,"North Dakota
(47.475320000018144, -100.11841999998285)"
354,2000,Massachusetts,0.15,0.05,0.28,0.52,"Massachusetts
(42.27687000005062, -72.08269000004333)"
355,2008,Wyoming,0.15,0.05,0.25,0.55,"Wyoming
(43.23553999957147, -108.10982999975454)"
356,1998,Nevada,0.24,0.07,0.24,0.46,"Nevada
(39.49323999972637, -117.07183999971608)"
357,1997,District of Columbia,0.12,0.07,0.16,0.65,"District of Columbia
(38.89036999987576, -77.03195999965413)"
358,2010,Iowa,0.12,0.04,0.23,0.6,"Iowa
(42.469390000048634, -93.81649000001335)"
359,2006,Oregon,0.14,0.05,0.26,0.56,"Oregon
(44.567449999917756, -120.15502999983448)"
360,2006,New York,0.13,0.05,0.25,0.57,"New York
(42.82699999955048, -75.54396999981549)"
361,1997,Alabama,0.21,0.04,0.22,0.53,"Alabama
(32.840569999605975, -86.63186000013877)"
362,1996,Kentucky,0.28,0.04,0.23,0.45,"Kentucky
(37.645969999815804, -84.77496999996538)"
363,1996,Delaware,0.21,0.03,0.27,0.49,"Delaware
(39.00883000020451, -75.57774000040052)"
364,1995,Nebraska,0.19,0.02,0.26,0.53,"Nebraska
(41.6410400000961, -99.36572999973953)"
365,1998,North Carolina,0.21,0.04,0.23,0.52,"North Carolina
(35.46624999963797, -79.1593199999179)"
366,1995,Virginia,0.19,0.03,0.25,0.54,"Virginia
(37.54268000028196, -78.45789000012326)"
367,2002,Georgia,0.18,0.06,0.22,0.54,"Georgia
(32.83967999993223, -83.62758000031658)"
368,1997,Mississippi,0.19,0.04,0.21,0.56,"Mississippi
(32.7455100000866, -89.53803000008429)"
369,2003,District of Columbia,0.14,0.08,0.22,0.56,"District of Columbia
(38.89036999987576, -77.03195999965413)"
370,2006,Nebraska,0.14,0.05,0.24,0.58,"Nebraska
(41.6410400000961, -99.36572999973953)"
371,1999,North Dakota,0.17,0.05,0.25,0.53,"North Dakota
(47.475320000018144, -100.11841999998285)"
372,2006,South Dakota,0.15,0.06,0.25,0.55,"South Dakota
(44.353130000049646, -100.37353000040906)"
373,2005,Texas,0.13,0.07,0.21,0.59,"Texas
(31.82724000022597, -99.42676999973554)"
374,1999,Arkansas,0.23,0.05,0.23,0.5,"Arkansas
(34.748649999697875, -92.27448999971358)"
375,2008,Massachusetts,0.12,0.04,0.28,0.56,"Massachusetts
(42.27687000005062, -72.08269000004333)"
376,1999,Indiana,0.23,0.05,0.22,0.51,"Indiana
(39.76690999989677, -86.14996000035359)"
377,2008,Illinois,0.15,0.06,0.23,0.55,"Illinois
(40.485010000411364, -88.99770999971656)"
378,2004,Connecticut,0.13,0.05,0.3,0.52,"Connecticut
(41.56265999995918, -72.6498400002157)"
379,1999,Wyoming,0.19,0.05,0.25,0.51,"Wyoming
(43.23553999957147, -108.10982999975454)"
380,2003,South Carolina,0.2,0.06,0.23,0.52,"South Carolina
(33.99855000018255, -81.0452500001872)"
381,1998,Mississippi,0.19,0.05,0.22,0.54,"Mississippi
(32.7455100000866, -89.53803000008429)"
382,1999,Tennessee,0.22,0.03,0.21,0.54,"Tennessee
(35.68094000038087, -85.77449000011325)"
383,2004,Oklahoma,0.2,0.06,0.23,0.51,"Oklahoma
(35.4720099999617, -97.52034999975251)"
384,2010,North Carolina,0.14,0.05,0.25,0.56,"North Carolina
(35.46624999963797, -79.1593199999179)"
385,1996,Oklahoma,0.22,0.03,0.18,0.58,"Oklahoma
(35.4720099999617, -97.52034999975251)"
386,2006,District of Columbia,0.11,0.07,0.22,0.6,"District of Columbia
(38.89036999987576, -77.03195999965413)"
387,2005,Iowa,0.16,0.04,0.25,0.55,"Iowa
(42.469390000048634, -93.81649000001335)"
388,2003,New Hampshire,0.17,0.04,0.31,0.48,"New Hampshire
(43.65595000019255, -71.50036000041354)"
389,2010,Colorado,0.11,0.05,0.25,0.59,"Colorado
(38.842890000173554, -106.13314000041055)"
390,2007,Michigan,0.16,0.05,0.25,0.54,"Michigan
(44.661320000317914, -84.71438999959867)"
391,2007,Kansas,0.14,0.04,0.23,0.59,"Kansas
(38.34774000000118, -98.20077999969709)"
392,2010,Utah,0.06,0.03,0.14,0.77,"Utah
(39.36070000030492, -111.58712999994941)"
393,2000,Missouri,0.23,0.05,0.25,0.48,"Missouri
(38.63578999960896, -92.5663000000448)"
394,2003,Louisiana,0.2,0.06,0.21,0.53,"Louisiana
(31.31265999975932, -92.44567999993188)"
395,2009,Florida,0.13,0.04,0.28,0.55,"Florida
(28.932039999846268, -81.9289599999039)"
396,1997,Connecticut,0.17,0.04,0.29,0.49,"Connecticut
(41.56265999995918, -72.6498400002157)"
397,1997,Nebraska,0.19,0.04,0.23,0.55,"Nebraska
(41.6410400000961, -99.36572999973953)"
398,1997,South Dakota,0.19,0.06,0.26,0.5,"South Dakota
(44.353130000049646, -100.37353000040906)"
399,2006,Illinois,0.14,0.06,0.24,0.56,"Illinois
(40.485010000411364, -88.99770999971656)"
400,2004,Arkansas,0.19,0.06,0.25,0.5,"Arkansas
(34.748649999697875, -92.27448999971358)"
401,2000,Rhode Island,0.18,0.05,0.27,0.5,"Rhode Island
(41.70828000002217, -71.5224700001902)"
402,2005,Colorado,0.14,0.06,0.25,0.55,"Colorado
(38.842890000173554, -106.13314000041055)"
403,2002,North Carolina,0.21,0.05,0.24,0.5,"North Carolina
(35.46624999963797, -79.1593199999179)"
404,1997,Tennessee,0.24,0.03,0.21,0.52,"Tennessee
(35.68094000038087, -85.77449000011325)"
405,1996,New Mexico,0.17,0.06,0.24,0.53,"New Mexico
(34.52088000011207, -106.24057999976702)"
406,1997,Illinois,0.18,0.05,0.26,0.51,"Illinois
(40.485010000411364, -88.99770999971656)"
407,2000,Florida,0.18,0.06,0.27,0.49,"Florida
(28.932039999846268, -81.9289599999039)"
408,1995,Maine,0.22,0.03,0.27,0.48,"Maine
(45.25423000041434, -68.9850299999344)"
409,2010,Tennessee,0.16,0.04,0.23,0.57,"Tennessee
(35.68094000038087, -85.77449000011325)"
410,1998,Delaware,0.21,0.04,0.25,0.51,"Delaware
(39.00883000020451, -75.57774000040052)"
411,2001,Wisconsin,0.18,0.05,0.29,0.48,"Wisconsin
(44.39319000021851, -89.81636999977553)"
412,2002,Minnesota,0.16,0.06,0.27,0.51,"Minnesota
(46.3556499998478, -94.79419999982997)"
413,2010,Oklahoma,0.18,0.06,0.24,0.52,"Oklahoma
(35.4720099999617, -97.52034999975251)"
414,1998,Minnesota,0.13,0.05,0.19,0.63,"Minnesota
(46.3556499998478, -94.79419999982997)"
415,2009,Alaska,0.15,0.06,0.28,0.51,"Alaska
(64.84507999974238, -147.72205999986895)"
416,2000,District of Columbia,0.14,0.07,0.22,0.57,"District of Columbia
(38.89036999987576, -77.03195999965413)"
417,1995,Oregon,0.19,0.03,0.28,0.5,"Oregon
(44.567449999917756, -120.15502999983448)"
418,2002,Colorado,0.16,0.05,0.26,0.54,"Colorado
(38.842890000173554, -106.13314000041055)"
419,2003,Arizona,0.15,0.06,0.26,0.53,"Arizona
(34.86596999961597, -111.76380999973156)"
420,1996,New York,0.19,0.04,0.24,0.53,"New York
(42.82699999955048, -75.54396999981549)"
421,2000,Ohio,0.21,0.05,0.23,0.51,"Ohio
(40.06020999969189, -82.40426000019869)"
422,2001,Kansas,0.17,0.05,0.24,0.54,"Kansas
(38.34774000000118, -98.20077999969709)"
423,2006,Wisconsin,0.15,0.06,0.26,0.53,"Wisconsin
(44.39319000021851, -89.81636999977553)"
424,1999,Virginia,0.17,0.04,0.25,0.53,"Virginia
(37.54268000028196, -78.45789000012326)"
425,2003,New Mexico,0.16,0.06,0.26,0.52,"New Mexico
(34.52088000011207, -106.24057999976702)"
426,2000,Arkansas,0.2,0.05,0.25,0.5,"Arkansas
(34.748649999697875, -92.27448999971358)"
427,2007,New Hampshire,0.15,0.04,0.3,0.5,"New Hampshire
(43.65595000019255, -71.50036000041354)"
428,2008,Iowa,0.14,0.05,0.25,0.57,"Iowa
(42.469390000048634, -93.81649000001335)"
429,2001,Kentucky,0.26,0.05,0.24,0.46,"Kentucky
(37.645969999815804, -84.77496999996538)"
430,1999,Washington,0.17,0.05,0.27,0.51,"Washington
(47.522280000022135, -120.47001000026114)"
431,2010,Indiana,0.16,0.05,0.25,0.54,"Indiana
(39.76690999989677, -86.14996000035359)"
432,2010,Wyoming,0.15,0.05,0.25,0.56,"Wyoming
(43.23553999957147, -108.10982999975454)"
433,2008,Delaware,0.13,0.04,0.29,0.54,"Delaware
(39.00883000020451, -75.57774000040052)"
434,2003,Connecticut,0.14,0.05,0.31,0.5,"Connecticut
(41.56265999995918, -72.6498400002157)"
435,2003,New Jersey,0.14,0.05,0.26,0.54,"New Jersey
(40.13056999960594, -74.2736899996936)"
436,2009,Ohio,0.16,0.05,0.26,0.54,"Ohio
(40.06020999969189, -82.40426000019869)"
437,2006,Rhode Island,0.15,0.04,0.29,0.52,"Rhode Island
(41.70828000002217, -71.5224700001902)"
438,1996,Pennsylvania,0.2,0.04,0.23,0.52,"Pennsylvania
(40.79372999993973, -77.86069999960512)"
439,1999,South Carolina,0.18,0.06,0.2,0.56,"South Carolina
(33.99855000018255, -81.0452500001872)"
440,1997,Vermont,0.2,0.04,0.29,0.48,"Vermont
(43.625379999687425, -72.51764000028561)"
441,1998,West Virginia,0.25,0.03,0.24,0.48,"West Virginia
(38.66550999958696, -80.71263999973604)"
442,1996,Arizona,0.2,0.04,0.25,0.51,"Arizona
(34.86596999961597, -111.76380999973156)"
443,1998,California,0.14,0.06,0.26,0.55,"California
(37.638300000444815, -120.99958999997835)"
444,1999,District of Columbia,0.13,0.07,0.16,0.63,"District of Columbia
(38.89036999987576, -77.03195999965413)"
445,1998,New Hampshire,0.18,0.05,0.29,0.48,"New Hampshire
(43.65595000019255, -71.50036000041354)"
446,2001,Alaska,0.19,0.07,0.27,0.47,"Alaska
(64.84507999974238, -147.72205999986895)"
447,1999,Nevada,0.24,0.07,0.29,0.4,"Nevada
(39.49323999972637, -117.07183999971608)"
448,1996,Montana,0.19,0.03,0.27,0.51,"Montana
(47.06653000015956, -109.42441999998289)"
449,2001,Maine,0.18,0.06,0.32,0.44,"Maine
(45.25423000041434, -68.9850299999344)"
450,2002,Florida,0.18,0.04,0.25,0.53,"Florida
(28.932039999846268, -81.9289599999039)"
451,2001,South Dakota,0.17,0.06,0.25,0.53,"South Dakota
(44.353130000049646, -100.37353000040906)"
452,2005,Massachusetts,0.14,0.05,0.28,0.55,"Massachusetts
(42.27687000005062, -72.08269000004333)"
453,1997,Oklahoma,0.21,0.03,0.19,0.56,"Oklahoma
(35.4720099999617, -97.52034999975251)"
454,2005,Ohio,0.18,0.05,0.26,0.52,"Ohio
(40.06020999969189, -82.40426000019869)"
455,2004,Pennsylvania,0.18,0.05,0.24,0.53,"Pennsylvania
(40.79372999993973, -77.86069999960512)"
456,1995,Washington,0.18,0.02,0.3,0.5,"Washington
(47.522280000022135, -120.47001000026114)"
457,2010,Florida,0.12,0.05,0.3,0.53,"Florida
(28.932039999846268, -81.9289599999039)"
458,2008,District of Columbia,0.09,0.07,0.23,0.61,"District of Columbia
(38.89036999987576, -77.03195999965413)"
459,2008,Hawaii,0.12,0.04,0.25,0.59,"Hawaii
(21.304850000427336, -157.85774999956269)"
460,2010,West Virginia,0.23,0.04,0.24,0.49,"West Virginia
(38.66550999958696, -80.71263999973604)"
461,2008,Georgia,0.15,0.05,0.21,0.59,"Georgia
(32.83967999993223, -83.62758000031658)"
462,2002,Maine,0.2,0.04,0.33,0.43,"Maine
(45.25423000041434, -68.9850299999344)"
463,1996,Arkansas,0.22,0.03,0.18,0.57,"Arkansas
(34.748649999697875, -92.27448999971358)"
464,2003,Hawaii,0.14,0.03,0.24,0.59,"Hawaii
(21.304850000427336, -157.85774999956269)"
465,2007,Virginia,0.14,0.04,0.24,0.58,"Virginia
(37.54268000028196, -78.45789000012326)"
466,2007,South Dakota,0.14,0.06,0.24,0.56,"South Dakota
(44.353130000049646, -100.37353000040906)"
467,2006,Utah,0.07,0.03,0.17,0.74,"Utah
(39.36070000030492, -111.58712999994941)"
468,1997,Virginia,0.19,0.06,0.26,0.5,"Virginia
(37.54268000028196, -78.45789000012326)"
469,1995,Pennsylvania,0.2,0.03,0.28,0.48,"Pennsylvania
(40.79372999993973, -77.86069999960512)"
470,2001,Massachusetts,0.15,0.05,0.3,0.51,"Massachusetts
(42.27687000005062, -72.08269000004333)"
471,1995,Minnesota,0.17,0.03,0.24,0.56,"Minnesota
(46.3556499998478, -94.79419999982997)"
472,1995,Arizona,0.2,0.02,0.26,0.52,"Arizona
(34.86596999961597, -111.76380999973156)"
473,2003,Colorado,0.14,0.05,0.27,0.54,"Colorado
(38.842890000173554, -106.13314000041055)"
474,1995,Florida,0.2,0.03,0.29,0.49,"Florida
(28.932039999846268, -81.9289599999039)"
475,2006,Nevada,0.16,0.07,0.26,0.52,"Nevada
(39.49323999972637, -117.07183999971608)"
476,2007,Delaware,0.15,0.04,0.26,0.55,"Delaware
(39.00883000020451, -75.57774000040052)"
477,2000,Arizona,0.14,0.05,0.22,0.6,"Arizona
(34.86596999961597, -111.76380999973156)"
478,2007,Massachusetts,0.12,0.04,0.29,0.55,"Massachusetts
(42.27687000005062, -72.08269000004333)"
479,2005,California,0.1,0.05,0.23,0.62,"California
(37.638300000444815, -120.99958999997835)"
480,2004,Texas,0.14,0.07,0.2,0.59,"Texas
(31.82724000022597, -99.42676999973554)"
481,2001,West Virginia,0.24,0.05,0.25,0.47,"West Virginia
(38.66550999958696, -80.71263999973604)"
482,2008,Rhode Island,0.13,0.04,0.28,0.55,"Rhode Island
(41.70828000002217, -71.5224700001902)"
483,2007,Nebraska,0.15,0.06,0.24,0.56,"Nebraska
(41.6410400000961, -99.36572999973953)"
484,2003,Illinois,0.17,0.06,0.24,0.52,"Illinois
(40.485010000411364, -88.99770999971656)"
485,2002,Wyoming,0.19,0.04,0.27,0.5,"Wyoming
(43.23553999957147, -108.10982999975454)"
486,1996,Missouri,0.23,0.05,0.25,0.48,"Missouri
(38.63578999960896, -92.5663000000448)"
487,1995,New York,0.19,0.02,0.25,0.53,"New York
(42.82699999955048, -75.54396999981549)"
488,1998,Indiana,0.21,0.05,0.26,0.48,"Indiana
(39.76690999989677, -86.14996000035359)"
489,2003,Kentucky,0.27,0.04,0.23,0.47,"Kentucky
(37.645969999815804, -84.77496999996538)"
490,1999,Connecticut,0.18,0.05,0.25,0.52,"Connecticut
(41.56265999995918, -72.6498400002157)"
491,1999,Michigan,0.2,0.06,0.24,0.51,"Michigan
(44.661320000317914, -84.71438999959867)"
492,2006,Indiana,0.19,0.06,0.23,0.53,"Indiana
(39.76690999989677, -86.14996000035359)"
493,2001,Iowa,0.17,0.05,0.25,0.53,"Iowa
(42.469390000048634, -93.81649000001335)"
494,2002,Montana,0.16,0.06,0.26,0.53,"Montana
(47.06653000015956, -109.42441999998289)"
495,2000,New York,0.16,0.06,0.26,0.53,"New York
(42.82699999955048, -75.54396999981549)"
496,1999,Pennsylvania,0.18,0.05,0.23,0.54,"Pennsylvania
(40.79372999993973, -77.86069999960512)"
497,1999,Georgia,0.18,0.05,0.23,0.54,"Georgia
(32.83967999993223, -83.62758000031658)"
498,2009,Idaho,0.12,0.04,0.22,0.62,"Idaho
(43.682590000228515, -114.36368000023168)"
499,1997,North Carolina,0.21,0.05,0.22,0.52,"North Carolina
(35.46624999963797, -79.1593199999179)"
500,2004,Alabama,0.19,0.06,0.21,0.54,"Alabama
(32.840569999605975, -86.63186000013877)"
501,1997,Nevada,0.23,0.05,0.25,0.47,"Nevada
(39.49323999972637, -117.07183999971608)"
502,1995,Colorado,0.18,0.04,0.27,0.51,"Colorado
(38.842890000173554, -106.13314000041055)"
503,1995,New Mexico,0.18,0.03,0.28,0.52,"New Mexico
(34.52088000011207, -106.24057999976702)"
504,1998,South Carolina,0.2,0.05,0.21,0.55,"South Carolina
(33.99855000018255, -81.0452500001872)"
505,2003,South Dakota,0.16,0.06,0.25,0.52,"South Dakota
(44.353130000049646, -100.37353000040906)"
506,2003,Oregon,0.16,0.05,0.27,0.52,"Oregon
(44.567449999917756, -120.15502999983448)"
507,2003,Iowa,0.16,0.05,0.25,0.54,"Iowa
(42.469390000048634, -93.81649000001335)"
508,1998,North Dakota,0.17,0.03,0.28,0.52,"North Dakota
(47.475320000018144, -100.11841999998285)"
509,2002,North Dakota,0.16,0.05,0.27,0.52,"North Dakota
(47.475320000018144, -100.11841999998285)"
510,2010,South Carolina,0.14,0.07,0.24,0.55,"South Carolina
(33.99855000018255, -81.0452500001872)"
511,2006,Delaware,0.17,0.05,0.27,0.51,"Delaware
(39.00883000020451, -75.57774000040052)"
512,2002,Indiana,0.23,0.05,0.23,0.49,"Indiana
(39.76690999989677, -86.14996000035359)"
513,2003,Mississippi,0.2,0.06,0.21,0.54,"Mississippi
(32.7455100000866, -89.53803000008429)"
514,1995,South Dakota,0.2,0.02,0.24,0.54,"South Dakota
(44.353130000049646, -100.37353000040906)"
515,1996,Mississippi,0.2,0.04,0.21,0.56,"Mississippi
(32.7455100000866, -89.53803000008429)"
516,1998,Utah,0.11,0.04,0.19,0.67,"Utah
(39.36070000030492, -111.58712999994941)"
517,2003,Tennessee,0.21,0.05,0.19,0.55,"Tennessee
(35.68094000038087, -85.77449000011325)"
518,2009,Illinois,0.12,0.07,0.23,0.58,"Illinois
(40.485010000411364, -88.99770999971656)"
519,1998,Nebraska,0.17,0.05,0.24,0.54,"Nebraska
(41.6410400000961, -99.36572999973953)"
520,2005,Oregon,0.13,0.05,0.27,0.54,"Oregon
(44.567449999917756, -120.15502999983448)"
521,1999,Arizona,0.18,0.02,0.18,0.62,"Arizona
(34.86596999961597, -111.76380999973156)"
522,1998,Wisconsin,0.19,0.05,0.29,0.47,"Wisconsin
(44.39319000021851, -89.81636999977553)"
523,2009,Vermont,0.13,0.05,0.32,0.51,"Vermont
(43.625379999687425, -72.51764000028561)"
524,2003,Wisconsin,0.17,0.05,0.27,0.51,"Wisconsin
(44.39319000021851, -89.81636999977553)"
525,2010,Oregon,0.11,0.04,0.28,0.57,"Oregon
(44.567449999917756, -120.15502999983448)"
526,2003,Arkansas,0.21,0.04,0.25,0.5,"Arkansas
(34.748649999697875, -92.27448999971358)"
527,2001,Idaho,0.15,0.04,0.24,0.56,"Idaho
(43.682590000228515, -114.36368000023168)"
528,2006,North Carolina,0.17,0.05,0.24,0.54,"North Carolina
(35.46624999963797, -79.1593199999179)"
529,2004,Ohio,0.21,0.05,0.22,0.52,"Ohio
(40.06020999969189, -82.40426000019869)"
530,1997,Florida,0.2,0.04,0.26,0.5,"Florida
(28.932039999846268, -81.9289599999039)"
531,1997,Wisconsin,0.2,0.04,0.25,0.52,"Wisconsin
(44.39319000021851, -89.81636999977553)"
532,2003,Florida,0.17,0.07,0.27,0.49,"Florida
(28.932039999846268, -81.9289599999039)"
533,2009,Arizona,0.11,0.05,0.26,0.58,"Arizona
(34.86596999961597, -111.76380999973156)"
534,2003,Minnesota,0.16,0.05,0.28,0.51,"Minnesota
(46.3556499998478, -94.79419999982997)"
535,2005,Kansas,0.14,0.04,0.24,0.58,"Kansas
(38.34774000000118, -98.20077999969709)"
536,2004,Colorado,0.14,0.06,0.24,0.56,"Colorado
(38.842890000173554, -106.13314000041055)"
537,1999,Missouri,0.23,0.04,0.25,0.48,"Missouri
(38.63578999960896, -92.5663000000448)"
538,2008,Colorado,0.12,0.05,0.25,0.58,"Colorado
(38.842890000173554, -106.13314000041055)"
539,1998,Connecticut,0.15,0.06,0.28,0.51,"Connecticut
(41.56265999995918, -72.6498400002157)"
540,1996,California,0.13,0.06,0.25,0.56,"California
(37.638300000444815, -120.99958999997835)"
541,2006,Iowa,0.17,0.04,0.24,0.55,"Iowa
(42.469390000048634, -93.81649000001335)"
542,2009,North Carolina,0.14,0.06,0.26,0.54,"North Carolina
(35.46624999963797, -79.1593199999179)"
543,2010,New Hampshire,0.12,0.05,0.31,0.52,"New Hampshire
(43.65595000019255, -71.50036000041354)"
544,2005,New Hampshire,0.15,0.05,0.3,0.5,"New Hampshire
(43.65595000019255, -71.50036000041354)"
545,2005,Hawaii,0.12,0.05,0.26,0.57,"Hawaii
(21.304850000427336, -157.85774999956269)"
546,2005,Nebraska,0.16,0.05,0.23,0.56,"Nebraska
(41.6410400000961, -99.36572999973953)"
547,2002,Kansas,0.18,0.05,0.24,0.54,"Kansas
(38.34774000000118, -98.20077999969709)"
548,1995,West Virginia,0.24,0.02,0.23,0.51,"West Virginia
(38.66550999958696, -80.71263999973604)"
549,2004,Georgia,0.15,0.05,0.21,0.59,"Georgia
(32.83967999993223, -83.62758000031658)"
550,2007,Utah,0.08,0.03,0.16,0.73,"Utah
(39.36070000030492, -111.58712999994941)"
551,2009,Kentucky,0.21,0.05,0.25,0.49,"Kentucky
(37.645969999815804, -84.77496999996538)"
552,1997,Maine,0.2,0.03,0.31,0.46,"Maine
(45.25423000041434, -68.9850299999344)"
553,2006,Colorado,0.12,0.06,0.25,0.58,"Colorado
(38.842890000173554, -106.13314000041055)"
554,2008,New Hampshire,0.13,0.04,0.31,0.52,"New Hampshire
(43.65595000019255, -71.50036000041354)"
555,1998,Oklahoma,0.2,0.04,0.2,0.57,"Oklahoma
(35.4720099999617, -97.52034999975251)"
556,2000,Mississippi,0.19,0.05,0.21,0.56,"Mississippi
(32.7455100000866, -89.53803000008429)"
557,2007,New Mexico,0.13,0.08,0.25,0.54,"New Mexico
(34.52088000011207, -106.24057999976702)"
558,2009,Minnesota,0.11,0.06,0.26,0.57,"Minnesota
(46.3556499998478, -94.79419999982997)"
559,2004,North Carolina,0.18,0.06,0.21,0.56,"North Carolina
(35.46624999963797, -79.1593199999179)"
560,2010,Delaware,0.13,0.05,0.27,0.56,"Delaware
(39.00883000020451, -75.57774000040052)"
561,2003,Idaho,0.15,0.04,0.24,0.58,"Idaho
(43.682590000228515, -114.36368000023168)"
562,1998,Washington,0.17,0.05,0.28,0.51,"Washington
(47.522280000022135, -120.47001000026114)"
563,2004,Utah,0.08,0.03,0.16,0.74,"Utah
(39.36070000030492, -111.58712999994941)"
564,2007,Kentucky,0.24,0.05,0.24,0.48,"Kentucky
(37.645969999815804, -84.77496999996538)"
565,1995,Massachusetts,0.19,0.03,0.3,0.48,"Massachusetts
(42.27687000005062, -72.08269000004333)"
566,2009,Delaware,0.13,0.05,0.28,0.53,"Delaware
(39.00883000020451, -75.57774000040052)"
567,2000,Alaska,0.19,0.06,0.28,0.47,"Alaska
(64.84507999974238, -147.72205999986895)"
568,2001,Louisiana,0.19,0.06,0.2,0.55,"Louisiana
(31.31265999975932, -92.44567999993188)"
569,2008,Kentucky,0.21,0.05,0.25,0.5,"Kentucky
(37.645969999815804, -84.77496999996538)"
570,1996,West Virginia,0.24,0.03,0.23,0.51,"West Virginia
(38.66550999958696, -80.71263999973604)"
571,2010,Hawaii,0.11,0.04,0.25,0.6,"Hawaii
(21.304850000427336, -157.85774999956269)"
572,2001,Minnesota,0.17,0.05,0.28,0.5,"Minnesota
(46.3556499998478, -94.79419999982997)"
573,2000,North Dakota,0.18,0.06,0.23,0.53,"North Dakota
(47.475320000018144, -100.11841999998285)"
574,1999,Florida,0.16,0.04,0.27,0.53,"Florida
(28.932039999846268, -81.9289599999039)"
575,2001,Oklahoma,0.23,0.06,0.22,0.5,"Oklahoma
(35.4720099999617, -97.52034999975251)"
576,2000,Virginia,0.16,0.05,0.23,0.55,"Virginia
(37.54268000028196, -78.45789000012326)"
577,1998,Montana,0.19,0.03,0.27,0.52,"Montana
(47.06653000015956, -109.42441999998289)"
578,1997,Oregon,0.16,0.05,0.3,0.49,"Oregon
(44.567449999917756, -120.15502999983448)"
579,2004,New Mexico,0.13,0.07,0.24,0.56,"New Mexico
(34.52088000011207, -106.24057999976702)"
580,2002,Maryland,0.16,0.06,0.24,0.54,"Maryland
(39.29057999976732, -76.6092600004485)"
581,2000,Utah,0.1,0.03,0.18,0.69,"Utah
(39.36070000030492, -111.58712999994941)"
582,2008,New York,0.12,0.05,0.25,0.58,"New York
(42.82699999955048, -75.54396999981549)"
583,2002,New Jersey,0.14,0.05,0.26,0.55,"New Jersey
(40.13056999960594, -74.2736899996936)"
584,2004,New Hampshire,0.17,0.05,0.29,0.5,"New Hampshire
(43.65595000019255, -71.50036000041354)"
585,2009,Pennsylvania,0.15,0.05,0.26,0.54,"Pennsylvania
(40.79372999993973, -77.86069999960512)"
586,1997,Hawaii,0.14,0.04,0.26,0.55,"Hawaii
(21.304850000427336, -157.85774999956269)"
587,2003,Washington,0.15,0.05,0.26,0.54,"Washington
(47.522280000022135, -120.47001000026114)"
588,1999,South Dakota,0.18,0.05,0.25,0.52,"South Dakota
(44.353130000049646, -100.37353000040906)"
589,2006,Tennessee,0.18,0.04,0.24,0.54,"Tennessee
(35.68094000038087, -85.77449000011325)"
590,2000,Wisconsin,0.18,0.06,0.27,0.49,"Wisconsin
(44.39319000021851, -89.81636999977553)"
591,2008,Louisiana,0.16,0.05,0.2,0.6,"Louisiana
(31.31265999975932, -92.44567999993188)"
592,1998,Arizona,0.2,0.02,0.17,0.61,"Arizona
(34.86596999961597, -111.76380999973156)"
593,1997,Massachusetts,0.16,0.04,0.3,0.5,"Massachusetts
(42.27687000005062, -72.08269000004333)"
594,1999,Kansas,0.18,0.03,0.23,0.56,"Kansas
(38.34774000000118, -98.20077999969709)"
595,1996,Vermont,0.19,0.05,0.29,0.47,"Vermont
(43.625379999687425, -72.51764000028561)"
596,2006,Kansas,0.15,0.05,0.24,0.56,"Kansas
(38.34774000000118, -98.20077999969709)"
597,2002,West Virginia,0.24,0.05,0.24,0.47,"West Virginia
(38.66550999958696, -80.71263999973604)"
598,2005,Arizona,0.14,0.07,0.26,0.54,"Arizona
(34.86596999961597, -111.76380999973156)"
599,2008,Kansas,0.13,0.05,0.23,0.59,"Kansas
(38.34774000000118, -98.20077999969709)"
600,2003,Rhode Island,0.17,0.05,0.29,0.49,"Rhode Island
(41.70828000002217, -71.5224700001902)"
601,2000,Indiana,0.22,0.05,0.23,0.51,"Indiana
(39.76690999989677, -86.14996000035359)"
602,2000,Connecticut,0.15,0.05,0.28,0.52,"Connecticut
(41.56265999995918, -72.6498400002157)"
603,2003,Georgia,0.17,0.06,0.22,0.56,"Georgia
(32.83967999993223, -83.62758000031658)"
604,1995,Maryland,0.18,0.03,0.21,0.58,"Maryland
(39.29057999976732, -76.6092600004485)"
605,2004,Wyoming,0.17,0.05,0.25,0.53,"Wyoming
(43.23553999957147, -108.10982999975454)"
606,1999,Kentucky,0.26,0.04,0.23,0.47,"Kentucky
(37.645969999815804, -84.77496999996538)"
607,1999,Hawaii,0.14,0.04,0.23,0.59,"Hawaii
(21.304850000427336, -157.85774999956269)"
608,2008,Idaho,0.13,0.04,0.22,0.61,"Idaho
(43.682590000228515, -114.36368000023168)"
609,2009,Missouri,0.18,0.05,0.25,0.52,"Missouri
(38.63578999960896, -92.5663000000448)"
610,2006,Missouri,0.19,0.05,0.27,0.5,"Missouri
(38.63578999960896, -92.5663000000448)"
611,2008,Maine,0.14,0.04,0.32,0.5,"Maine
(45.25423000041434, -68.9850299999344)"
612,2009,District of Columbia,0.09,0.06,0.24,0.61,"District of Columbia
(38.89036999987576, -77.03195999965413)"
613,2010,Texas,0.11,0.05,0.21,0.63,"Texas
(31.82724000022597, -99.42676999973554)"
614,2007,Idaho,0.15,0.05,0.23,0.58,"Idaho
(43.682590000228515, -114.36368000023168)"
615,1996,Michigan,0.21,0.05,0.26,0.49,"Michigan
(44.661320000317914, -84.71438999959867)"
616,2001,Connecticut,0.15,0.06,0.29,0.51,"Connecticut
(41.56265999995918, -72.6498400002157)"
617,1996,Georgia,0.17,0.03,0.14,0.66,"Georgia
(32.83967999993223, -83.62758000031658)"
618,2002,Massachusetts,0.14,0.05,0.29,0.52,"Massachusetts
(42.27687000005062, -72.08269000004333)"
619,1996,Illinois,0.2,0.04,0.23,0.52,"Illinois
(40.485010000411364, -88.99770999971656)"
620,2008,Pennsylvania,0.16,0.06,0.25,0.53,"Pennsylvania
(40.79372999993973, -77.86069999960512)"
621,2005,Alaska,0.19,0.06,0.24,0.51,"Alaska
(64.84507999974238, -147.72205999986895)"
622,2004,California,0.1,0.05,0.24,0.61,"California
(37.638300000444815, -120.99958999997835)"
623,1998,Virginia,0.18,0.05,0.23,0.54,"Virginia
(37.54268000028196, -78.45789000012326)"
624,1996,North Dakota,0.2,0.04,0.26,0.51,"North Dakota
(47.475320000018144, -100.11841999998285)"
625,1997,California,0.13,0.06,0.27,0.55,"California
(37.638300000444815, -120.99958999997835)"
626,2004,Minnesota,0.15,0.06,0.27,0.53,"Minnesota
(46.3556499998478, -94.79419999982997)"
627,2009,Arkansas,0.16,0.06,0.28,0.5,"Arkansas
(34.748649999697875, -92.27448999971358)"
628,2008,Oregon,0.12,0.05,0.25,0.59,"Oregon
(44.567449999917756, -120.15502999983448)"
629,2010,Minnesota,0.11,0.04,0.26,0.59,"Minnesota
(46.3556499998478, -94.79419999982997)"
630,2000,Wyoming,0.18,0.06,0.25,0.51,"Wyoming
(43.23553999957147, -108.10982999975454)"
631,2006,Louisiana,0.18,0.06,0.2,0.56,"Louisiana
(31.31265999975932, -92.44567999993188)"
632,2002,Nebraska,0.18,0.05,0.23,0.54,"Nebraska
(41.6410400000961, -99.36572999973953)"
633,2000,Washington,0.15,0.06,0.29,0.51,"Washington
(47.522280000022135, -120.47001000026114)"
634,2002,Virginia,0.19,0.05,0.22,0.53,"Virginia
(37.54268000028196, -78.45789000012326)"
635,2009,Colorado,0.12,0.05,0.26,0.57,"Colorado
(38.842890000173554, -106.13314000041055)"
636,1995,Alabama,0.22,0.02,0.21,0.55,"Alabama
(32.840569999605975, -86.63186000013877)"
637,2000,Hawaii,0.16,0.04,0.24,0.56,"Hawaii
(21.304850000427336, -157.85774999956269)"
638,2003,Massachusetts,0.15,0.05,0.31,0.5,"Massachusetts
(42.27687000005062, -72.08269000004333)"
639,2002,Hawaii,0.17,0.04,0.24,0.55,"Hawaii
(21.304850000427336, -157.85774999956269)"
640,1999,Alabama,0.18,0.05,0.24,0.52,"Alabama
(32.840569999605975, -86.63186000013877)"
641,2008,Florida,0.13,0.05,0.26,0.56,"Florida
(28.932039999846268, -81.9289599999039)"
642,2005,Louisiana,0.16,0.06,0.21,0.57,"Louisiana
(31.31265999975932, -92.44567999993188)"
643,2001,District of Columbia,0.12,0.09,0.23,0.56,"District of Columbia
(38.89036999987576, -77.03195999965413)"
644,1997,Idaho,0.16,0.04,0.24,0.56,"Idaho
(43.682590000228515, -114.36368000023168)"
645,2010,Pennsylvania,0.13,0.05,0.26,0.55,"Pennsylvania
(40.79372999993973, -77.86069999960512)"
646,2004,West Virginia,0.22,0.05,0.25,0.48,"West Virginia
(38.66550999958696, -80.71263999973604)"
647,2000,Oregon,0.15,0.05,0.28,0.51,"Oregon
(44.567449999917756, -120.15502999983448)"
648,2005,New Jersey,0.13,0.05,0.26,0.57,"New Jersey
(40.13056999960594, -74.2736899996936)"
649,2006,Arizona,0.12,0.06,0.25,0.57,"Arizona
(34.86596999961597, -111.76380999973156)"
650,2002,California,0.11,0.05,0.24,0.6,"California
(37.638300000444815, -120.99958999997835)"
651,1998,Oregon,0.16,0.05,0.27,0.52,"Oregon
(44.567449999917756, -120.15502999983448)"
652,2004,Kansas,0.15,0.05,0.22,0.59,"Kansas
(38.34774000000118, -98.20077999969709)"
653,2004,New Jersey,0.13,0.06,0.24,0.57,"New Jersey
(40.13056999960594, -74.2736899996936)"
654,2004,New York,0.14,0.06,0.24,0.56,"New York
(42.82699999955048, -75.54396999981549)"
655,1996,Nevada,0.25,0.03,0.27,0.45,"Nevada
(39.49323999972637, -117.07183999971608)"
656,2000,Minnesota,0.15,0.05,0.23,0.57,"Minnesota
(46.3556499998478, -94.79419999982997)"
657,1999,Minnesota,0.15,0.04,0.2,0.61,"Minnesota
(46.3556499998478, -94.79419999982997)"
658,2004,Nevada,0.17,0.07,0.24,0.52,"Nevada
(39.49323999972637, -117.07183999971608)"
659,2000,Alabama,0.19,0.06,0.24,0.51,"Alabama
(32.840569999605975, -86.63186000013877)"
660,1997,Ohio,0.23,0.02,0.23,0.52,"Ohio
(40.06020999969189, -82.40426000019869)"
661,1995,Arkansas,0.23,0.02,0.24,0.52,"Arkansas
(34.748649999697875, -92.27448999971358)"
662,2003,North Dakota,0.16,0.04,0.26,0.54,"North Dakota
(47.475320000018144, -100.11841999998285)"
663,1999,Oklahoma,0.22,0.03,0.19,0.56,"Oklahoma
(35.4720099999617, -97.52034999975251)"
664,2002,Delaware,0.2,0.05,0.26,0.49,"Delaware
(39.00883000020451, -75.57774000040052)"
665,2010,New Mexico,0.11,0.07,0.25,0.57,"New Mexico
(34.52088000011207, -106.24057999976702)"
666,2009,North Dakota,0.13,0.05,0.24,0.57,"North Dakota
(47.475320000018144, -100.11841999998285)"
667,2005,Wisconsin,0.16,0.05,0.26,0.53,"Wisconsin
(44.39319000021851, -89.81636999977553)"
668,2009,Alabama,0.17,0.06,0.23,0.55,"Alabama
(32.840569999605975, -86.63186000013877)"
669,2000,South Dakota,0.17,0.05,0.25,0.54,"South Dakota
(44.353130000049646, -100.37353000040906)"
670,2004,Maine,0.17,0.04,0.31,0.48,"Maine
(45.25423000041434, -68.9850299999344)"
671,1997,South Carolina,0.2,0.03,0.2,0.57,"South Carolina
(33.99855000018255, -81.0452500001872)"
672,2002,Utah,0.1,0.03,0.17,0.7,"Utah
(39.36070000030492, -111.58712999994941)"
673,2002,Oregon,0.17,0.05,0.28,0.49,"Oregon
(44.567449999917756, -120.15502999983448)"
674,2001,Mississippi,0.2,0.06,0.21,0.54,"Mississippi
(32.7455100000866, -89.53803000008429)"
675,2003,North Carolina,0.19,0.06,0.23,0.52,"North Carolina
(35.46624999963797, -79.1593199999179)"
676,2009,Indiana,0.17,0.06,0.24,0.53,"Indiana
(39.76690999989677, -86.14996000035359)"
677,1999,West Virginia,0.24,0.03,0.24,0.49,"West Virginia
(38.66550999958696, -80.71263999973604)"
678,2000,Idaho,0.17,0.05,0.25,0.53,"Idaho
(43.682590000228515, -114.36368000023168)"
679,1996,Wisconsin,0.2,0.05,0.26,0.49,"Wisconsin
(44.39319000021851, -89.81636999977553)"
680,1996,Texas,0.17,0.06,0.21,0.56,"Texas
(31.82724000022597, -99.42676999973554)"
681,2004,Oregon,0.14,0.06,0.25,0.55,"Oregon
(44.567449999917756, -120.15502999983448)"
682,2002,Iowa,0.19,0.04,0.23,0.53,"Iowa
(42.469390000048634, -93.81649000001335)"
683,2004,Mississippi,0.18,0.07,0.19,0.56,"Mississippi
(32.7455100000866, -89.53803000008429)"
684,1999,Oregon,0.16,0.05,0.28,0.51,"Oregon
(44.567449999917756, -120.15502999983448)"
685,2006,Maryland,0.13,0.05,0.23,0.6,"Maryland
(39.29057999976732, -76.6092600004485)"
686,1998,Maine,0.19,0.03,0.31,0.46,"Maine
(45.25423000041434, -68.9850299999344)"
687,1996,Colorado,0.17,0.06,0.24,0.53,"Colorado
(38.842890000173554, -106.13314000041055)"
688,1995,Wyoming,0.19,0.03,0.27,0.51,"Wyoming
(43.23553999957147, -108.10982999975454)"
689,2001,Michigan,0.2,0.06,0.26,0.49,"Michigan
(44.661320000317914, -84.71438999959867)"
690,1997,Montana,0.18,0.03,0.27,0.53,"Montana
(47.06653000015956, -109.42441999998289)"
691,1996,Idaho,0.17,0.04,0.23,0.56,"Idaho
(43.682590000228515, -114.36368000023168)"
692,1999,North Carolina,0.21,0.04,0.23,0.52,"North Carolina
(35.46624999963797, -79.1593199999179)"
693,1998,Colorado,0.17,0.06,0.24,0.53,"Colorado
(38.842890000173554, -106.13314000041055)"
694,2010,Rhode Island,0.11,0.05,0.28,0.56,"Rhode Island
(41.70828000002217, -71.5224700001902)"
695,2008,Virginia,0.12,0.04,0.24,0.6,"Virginia
(37.54268000028196, -78.45789000012326)"
696,1998,Tennessee,0.23,0.03,0.22,0.52,"Tennessee
(35.68094000038087, -85.77449000011325)"
697,2009,Wyoming,0.15,0.05,0.26,0.54,"Wyoming
(43.23553999957147, -108.10982999975454)"
698,1997,Iowa,0.19,0.04,0.24,0.53,"Iowa
(42.469390000048634, -93.81649000001335)"
699,1995,Hawaii,0.15,0.03,0.22,0.61,"Hawaii
(21.304850000427336, -157.85774999956269)"
700,2006,New Mexico,0.14,0.06,0.25,0.55,"New Mexico
(34.52088000011207, -106.24057999976702)"
701,2008,Nevada,0.16,0.06,0.25,0.53,"Nevada
(39.49323999972637, -117.07183999971608)"
702,1995,Idaho,0.18,0.02,0.24,0.56,"Idaho
(43.682590000228515, -114.36368000023168)"
703,2007,Arizona,0.14,0.06,0.24,0.56,"Arizona
(34.86596999961597, -111.76380999973156)"
704,2010,Alaska,0.14,0.07,0.26,0.54,"Alaska
(64.84507999974238, -147.72205999986895)"
705,2010,Missouri,0.17,0.04,0.26,0.53,"Missouri
(38.63578999960896, -92.5663000000448)"
706,1996,Massachusetts,0.18,0.05,0.3,0.46,"Massachusetts
(42.27687000005062, -72.08269000004333)"
707,1995,Vermont,0.19,0.03,0.32,0.47,"Vermont
(43.625379999687425, -72.51764000028561)"
708,2007,District of Columbia,0.11,0.06,0.22,0.6,"District of Columbia
(38.89036999987576, -77.03195999965413)"
709,1995,New Jersey,0.15,0.04,0.25,0.56,"New Jersey
(40.13056999960594, -74.2736899996936)"
710,2004,North Dakota,0.15,0.05,0.24,0.57,"North Dakota
(47.475320000018144, -100.11841999998285)"
711,2001,Arizona,0.16,0.06,0.25,0.53,"Arizona
(34.86596999961597, -111.76380999973156)"
712,1997,Michigan,0.21,0.05,0.25,0.49,"Michigan
(44.661320000317914, -84.71438999959867)"
713,1995,Illinois,0.2,0.03,0.24,0.53,"Illinois
(40.485010000411364, -88.99770999971656)"
714,2005,North Dakota,0.15,0.05,0.26,0.54,"North Dakota
(47.475320000018144, -100.11841999998285)"
715,2010,Washington,0.11,0.04,0.26,0.59,"Washington
(47.522280000022135, -120.47001000026114)"
716,2008,Michigan,0.15,0.06,0.26,0.54,"Michigan
(44.661320000317914, -84.71438999959867)"
717,1995,Texas,0.2,0.04,0.24,0.53,"Texas
(31.82724000022597, -99.42676999973554)"
718,2007,Ohio,0.18,0.05,0.25,0.52,"Ohio
(40.06020999969189, -82.40426000019869)"
719,2010,Georgia,0.13,0.05,0.23,0.59,"Georgia
(32.83967999993223, -83.62758000031658)"
720,2005,Oklahoma,0.19,0.06,0.24,0.51,"Oklahoma
(35.4720099999617, -97.52034999975251)"
721,2002,South Dakota,0.18,0.05,0.22,0.55,"South Dakota
(44.353130000049646, -100.37353000040906)"
722,1998,Ohio,0.22,0.05,0.24,0.5,"Ohio
(40.06020999969189, -82.40426000019869)"
723,2003,Nevada,0.2,0.05,0.25,0.5,"Nevada
(39.49323999972637, -117.07183999971608)"
724,2002,Mississippi,0.21,0.06,0.2,0.53,"Mississippi
(32.7455100000866, -89.53803000008429)"
725,1995,Michigan,0.22,0.04,0.28,0.46,"Michigan
(44.661320000317914, -84.71438999959867)"
726,2006,Washington,0.12,0.05,0.26,0.57,"Washington
(47.522280000022135, -120.47001000026114)"
727,2007,Oregon,0.13,0.04,0.28,0.55,"Oregon
(44.567449999917756, -120.15502999983448)"
728,2007,Texas,0.13,0.06,0.21,0.6,"Texas
(31.82724000022597, -99.42676999973554)"
729,2000,Oklahoma,0.2,0.04,0.19,0.57,"Oklahoma
(35.4720099999617, -97.52034999975251)"
730,2009,South Carolina,0.15,0.06,0.25,0.55,"South Carolina
(33.99855000018255, -81.0452500001872)"
731,1996,South Dakota,0.18,0.03,0.25,0.54,"South Dakota
(44.353130000049646, -100.37353000040906)"
732,2009,New Hampshire,0.11,0.05,0.29,0.55,"New Hampshire
(43.65595000019255, -71.50036000041354)"
733,2009,Wisconsin,0.13,0.06,0.27,0.54,"Wisconsin
(44.39319000021851, -89.81636999977553)"
734,2000,West Virginia,0.23,0.03,0.25,0.49,"West Virginia
(38.66550999958696, -80.71263999973604)"
735,2006,Kentucky,0.24,0.04,0.24,0.47,"Kentucky
(37.645969999815804, -84.77496999996538)"
736,2008,South Carolina,0.14,0.06,0.25,0.55,"South Carolina
(33.99855000018255, -81.0452500001872)"
737,2006,California,0.09,0.06,0.24,0.61,"California
(37.638300000444815, -120.99958999997835)"
738,2003,Maine,0.2,0.04,0.31,0.45,"Maine
(45.25423000041434, -68.9850299999344)"
739,1997,Kentucky,0.28,0.03,0.24,0.46,"Kentucky
(37.645969999815804, -84.77496999996538)"
740,2008,Washington,0.12,0.04,0.27,0.58,"Washington
(47.522280000022135, -120.47001000026114)"
741,1995,Tennessee,0.24,0.02,0.2,0.54,"Tennessee
(35.68094000038087, -85.77449000011325)"
742,1997,Utah,0.11,0.03,0.17,0.69,"Utah
(39.36070000030492, -111.58712999994941)"
743,2003,Kansas,0.16,0.04,0.23,0.57,"Kansas
(38.34774000000118, -98.20077999969709)"
744,1998,Kansas,0.17,0.04,0.22,0.57,"Kansas
(38.34774000000118, -98.20077999969709)"
745,1997,Delaware,0.22,0.04,0.27,0.47,"Delaware
(39.00883000020451, -75.57774000040052)"
746,2006,New Jersey,0.12,0.06,0.24,0.58,"New Jersey
(40.13056999960594, -74.2736899996936)"
747,2001,Virginia,0.18,0.05,0.25,0.53,"Virginia
(37.54268000028196, -78.45789000012326)"
748,1997,North Dakota,0.2,0.03,0.24,0.53,"North Dakota
(47.475320000018144, -100.11841999998285)"
749,1998,Idaho,0.16,0.05,0.25,0.55,"Idaho
(43.682590000228515, -114.36368000023168)"
750,2005,Kentucky,0.24,0.05,0.24,0.47,"Kentucky
(37.645969999815804, -84.77496999996538)"
751,1996,South Carolina,0.21,0.03,0.2,0.55,"South Carolina
(33.99855000018255, -81.0452500001872)"
752,2005,Virginia,0.15,0.05,0.24,0.55,"Virginia
(37.54268000028196, -78.45789000012326)"
753,2009,Nevada,0.16,0.06,0.27,0.51,"Nevada
(39.49323999972637, -117.07183999971608)"
754,1998,South Dakota,0.22,0.05,0.2,0.52,"South Dakota
(44.353130000049646, -100.37353000040906)"
755,2002,New York,0.17,0.05,0.25,0.53,"New York
(42.82699999955048, -75.54396999981549)"
756,2002,Rhode Island,0.18,0.05,0.3,0.48,"Rhode Island
(41.70828000002217, -71.5224700001902)"
757,1996,District of Columbia,0.15,0.06,0.18,0.62,"District of Columbia
(38.89036999987576, -77.03195999965413)"
758,2001,South Carolina,0.19,0.07,0.21,0.53,"South Carolina
(33.99855000018255, -81.0452500001872)"
759,2007,Florida,0.14,0.05,0.26,0.55,"Florida
(28.932039999846268, -81.9289599999039)"
760,2000,Nebraska,0.17,0.05,0.24,0.55,"Nebraska
(41.6410400000961, -99.36572999973953)"
761,2001,Georgia,0.18,0.06,0.21,0.55,"Georgia
(32.83967999993223, -83.62758000031658)"
762,1996,Rhode Island,0.18,0.05,0.27,0.5,"Rhode Island
(41.70828000002217, -71.5224700001902)"
763,2005,Arkansas,0.18,0.05,0.25,0.52,"Arkansas
(34.748649999697875, -92.27448999971358)"
764,1995,North Carolina,0.23,0.03,0.23,0.52,"North Carolina
(35.46624999963797, -79.1593199999179)"
765,2007,Mississippi,0.19,0.05,0.21,0.55,"Mississippi
(32.7455100000866, -89.53803000008429)"
766,1999,Delaware,0.21,0.05,0.24,0.51,"Delaware
(39.00883000020451, -75.57774000040052)"
767,2004,Louisiana,0.17,0.07,0.2,0.57,"Louisiana
(31.31265999975932, -92.44567999993188)"
768,2003,New York,0.17,0.05,0.25,0.53,"New York
(42.82699999955048, -75.54396999981549)"
769,1995,California,0.13,0.03,0.28,0.57,"California
(37.638300000444815, -120.99958999997835)"
770,2005,Idaho,0.13,0.05,0.23,0.59,"Idaho
(43.682590000228515, -114.36368000023168)"
771,2002,Kentucky,0.29,0.04,0.22,0.46,"Kentucky
(37.645969999815804, -84.77496999996538)"
772,2010,Nebraska,0.13,0.05,0.25,0.58,"Nebraska
(41.6410400000961, -99.36572999973953)"
773,2009,Montana,0.12,0.05,0.26,0.57,"Montana
(47.06653000015956, -109.42441999998289)"
774,2009,Oregon,0.13,0.05,0.28,0.55,"Oregon
(44.567449999917756, -120.15502999983448)"
775,2002,Louisiana,0.19,0.05,0.19,0.57,"Louisiana
(31.31265999975932, -92.44567999993188)"
776,2008,New Jersey,0.11,0.04,0.24,0.61,"New Jersey
(40.13056999960594, -74.2736899996936)"
777,1997,West Virginia,0.25,0.03,0.24,0.48,"West Virginia
(38.66550999958696, -80.71263999973604)"
778,2001,Texas,0.16,0.07,0.21,0.57,"Texas
(31.82724000022597, -99.42676999973554)"
779,2007,Vermont,0.14,0.04,0.31,0.52,"Vermont
(43.625379999687425, -72.51764000028561)"
780,1999,New Hampshire,0.18,0.04,0.29,0.49,"New Hampshire
(43.65595000019255, -71.50036000041354)"
781,1998,Kentucky,0.28,0.03,0.23,0.46,"Kentucky
(37.645969999815804, -84.77496999996538)"
782,2006,Florida,0.16,0.05,0.26,0.53,"Florida
(28.932039999846268, -81.9289599999039)"
783,2000,Colorado,0.15,0.05,0.26,0.54,"Colorado
(38.842890000173554, -106.13314000041055)"
784,2007,Wisconsin,0.15,0.05,0.26,0.55,"Wisconsin
(44.39319000021851, -89.81636999977553)"
785,2008,New Mexico,0.13,0.07,0.25,0.56,"New Mexico
(34.52088000011207, -106.24057999976702)"
786,1998,Louisiana,0.21,0.05,0.2,0.55,"Louisiana
(31.31265999975932, -92.44567999993188)"
787,2002,Texas,0.17,0.06,0.21,0.56,"Texas
(31.82724000022597, -99.42676999973554)"
788,2004,South Dakota,0.14,0.06,0.24,0.56,"South Dakota
(44.353130000049646, -100.37353000040906)"
789,1998,Iowa,0.18,0.05,0.24,0.53,"Iowa
(42.469390000048634, -93.81649000001335)"
790,2003,Alaska,0.19,0.07,0.26,0.48,"Alaska
(64.84507999974238, -147.72205999986895)"
791,2002,New Hampshire,0.19,0.05,0.3,0.47,"New Hampshire
(43.65595000019255, -71.50036000041354)"
792,2002,District of Columbia,0.13,0.07,0.2,0.59,"District of Columbia
(38.89036999987576, -77.03195999965413)"
793,2010,North Dakota,0.12,0.05,0.24,0.59,"North Dakota
(47.475320000018144, -100.11841999998285)"
794,2005,Maryland,0.13,0.06,0.23,0.58,"Maryland
(39.29057999976732, -76.6092600004485)"
795,2000,Vermont,0.17,0.05,0.3,0.49,"Vermont
(43.625379999687425, -72.51764000028561)"
796,2005,Florida,0.15,0.07,0.27,0.52,"Florida
(28.932039999846268, -81.9289599999039)"
797,2002,Wisconsin,0.19,0.05,0.27,0.49,"Wisconsin
(44.39319000021851, -89.81636999977553)"
798,2001,New Hampshire,0.19,0.05,0.29,0.47,"New Hampshire
(43.65595000019255, -71.50036000041354)"
799,2001,Pennsylvania,0.19,0.06,0.24,0.51,"Pennsylvania
(40.79372999993973, -77.86069999960512)"
800,2010,District of Columbia,0.1,0.06,0.23,0.61,"District of Columbia
(38.89036999987576, -77.03195999965413)"
801,2000,Maryland,0.15,0.05,0.24,0.56,"Maryland
(39.29057999976732, -76.6092600004485)"
802,2007,Wyoming,0.18,0.05,0.25,0.53,"Wyoming
(43.23553999957147, -108.10982999975454)"
803,1996,Kansas,0.19,0.04,0.2,0.58,"Kansas
(38.34774000000118, -98.20077999969709)"
804,1999,Maine,0.2,0.04,0.3,0.47,"Maine
(45.25423000041434, -68.9850299999344)"
805,1997,Kansas,0.18,0.04,0.19,0.58,"Kansas
(38.34774000000118, -98.20077999969709)"
806,2010,South Dakota,0.11,0.04,0.27,0.58,"South Dakota
(44.353130000049646, -100.37353000040906)"
807,1996,New Hampshire,0.21,0.04,0.29,0.46,"New Hampshire
(43.65595000019255, -71.50036000041354)"
808,2000,Montana,0.16,0.03,0.3,0.51,"Montana
(47.06653000015956, -109.42441999998289)"
809,2004,Idaho,0.13,0.04,0.23,0.59,"Idaho
(43.682590000228515, -114.36368000023168)"
810,1996,Indiana,0.25,0.04,0.24,0.48,"Indiana
(39.76690999989677, -86.14996000035359)"
811,2006,Alabama,0.18,0.06,0.23,0.54,"Alabama
(32.840569999605975, -86.63186000013877)"
812,2006,Idaho,0.13,0.04,0.23,0.6,"Idaho
(43.682590000228515, -114.36368000023168)"
813,1999,New Jersey,0.15,0.06,0.21,0.58,"New Jersey
(40.13056999960594, -74.2736899996936)"
814,2010,Mississippi,0.17,0.06,0.22,0.55,"Mississippi
(32.7455100000866, -89.53803000008429)"
815,2001,Ohio,0.22,0.06,0.23,0.49,"Ohio
(40.06020999969189, -82.40426000019869)"
816,2007,Connecticut,0.11,0.04,0.31,0.54,"Connecticut
(41.56265999995918, -72.6498400002157)"
817,2001,Nevada,0.21,0.06,0.26,0.47,"Nevada
(39.49323999972637, -117.07183999971608)"
818,2000,New Mexico,0.17,0.07,0.26,0.51,"New Mexico
(34.52088000011207, -106.24057999976702)"
819,2010,Montana,0.14,0.05,0.27,0.54,"Montana
(47.06653000015956, -109.42441999998289)"
820,1999,Mississippi,0.19,0.04,0.2,0.57,"Mississippi
(32.7455100000866, -89.53803000008429)"
821,2006,Maine,0.16,0.05,0.3,0.49,"Maine
(45.25423000041434, -68.9850299999344)"
822,2005,Utah,0.09,0.03,0.16,0.73,"Utah
(39.36070000030492, -111.58712999994941)"
823,2006,Georgia,0.14,0.06,0.21,0.59,"Georgia
(32.83967999993223, -83.62758000031658)"
824,2010,Kentucky,0.19,0.06,0.26,0.49,"Kentucky
(37.645969999815804, -84.77496999996538)"
825,1997,Minnesota,0.17,0.05,0.22,0.56,"Minnesota
(46.3556499998478, -94.79419999982997)"
826,1999,Alaska,0.19,0.08,0.26,0.47,"Alaska
(64.84507999974238, -147.72205999986895)"
827,2010,Maryland,0.11,0.05,0.24,0.61,"Maryland
(39.29057999976732, -76.6092600004485)"
828,2007,Minnesota,0.12,0.04,0.28,0.56,"Minnesota
(46.3556499998478, -94.79419999982997)"
829,1998,Alaska,0.2,0.06,0.25,0.48,"Alaska
(64.84507999974238, -147.72205999986895)"
830,1996,Hawaii,0.18,0.04,0.24,0.54,"Hawaii
(21.304850000427336, -157.85774999956269)"
831,2002,Oklahoma,0.22,0.05,0.22,0.52,"Oklahoma
(35.4720099999617, -97.52034999975251)"
832,2005,Wyoming,0.16,0.05,0.27,0.52,"Wyoming
(43.23553999957147, -108.10982999975454)"
833,2002,Pennsylvania,0.2,0.05,0.26,0.5,"Pennsylvania
(40.79372999993973, -77.86069999960512)"
834,1997,Arizona,0.18,0.03,0.14,0.65,"Arizona
(34.86596999961597, -111.76380999973156)"
835,2009,West Virginia,0.21,0.05,0.25,0.5,"West Virginia
(38.66550999958696, -80.71263999973604)"
836,2008,West Virginia,0.22,0.05,0.25,0.48,"West Virginia
(38.66550999958696, -80.71263999973604)"
837,2003,Michigan,0.21,0.05,0.26,0.48,"Michigan
(44.661320000317914, -84.71438999959867)"
838,2009,Connecticut,0.11,0.05,0.28,0.56,"Connecticut
(41.56265999995918, -72.6498400002157)"
839,1998,District of Columbia,0.15,0.07,0.17,0.61,"District of Columbia
(38.89036999987576, -77.03195999965413)"
840,2007,California,0.09,0.06,0.23,0.63,"California
(37.638300000444815, -120.99958999997835)"
841,2006,Vermont,0.14,0.04,0.31,0.51,"Vermont
(43.625379999687425, -72.51764000028561)"
